entA	entB	We
273	1759	1
273	1785	1
273	26052	1
273	824	1
273	161	1
273	1020	1
273	5530	1
273	274	1
273	5532	1
273	25977	1
273	8867	1
273	9901	1
6455	1759	1
6455	1785	1
6455	26052	1
6455	6456	1
6455	7534	1
6455	10015	1
6455	6457	1
6455	7431	1
6455	392	1
6455	23176	1
6455	5689	1
6455	10570	1
6455	10059	1
6455	6812	1
6455	3778	1
6455	57030	1
6455	114569	1
6455	192683	1
6455	999	1
6455	8867	1
6455	1783	1
6455	9901	1
1759	1785	1
1759	2885	1
1759	29993	1
1759	6456	1
1759	5621	1
1759	3064	1
1759	6453	1
1759	5217	1
1759	50807	1
1759	6714	1
1759	1020	1
1759	5530	1
1759	25	1
1759	274	1
1785	2885	1
1785	6456	1
1785	10574	1
1785	7919	1
1785	3064	1
1785	6453	1
1785	2801	1
1785	6262	1
1785	1639	1
1785	1780	1
1785	2580	1
1785	22941	1
1785	50944	1
1785	7415	1
1785	6714	1
1785	26060	1
1785	25	1
1785	1398	1
1785	2017	1
1785	3146	1
1785	5837	1
1785	5479	1
1785	51678	1
1785	6187	1
26052	2534	1
26052	25	1
26052	5536	1
26052	5708	1
2923	7415	1
2923	10549	1
2923	821	1
2923	1327	1
2923	55848	1
2923	811	1
2923	6328	1
22808	5894	1
22808	4301	1
8470	7534	1
8470	7531	1
8470	10006	1
8470	22839	1
8470	2801	1
8470	6133	1
8470	5062	1
8470	2195	1
8470	25	1
8470	87	1
8470	146705	1
8470	81	1
8470	8867	1
8470	8936	1
2885	3265	1
2885	9228	1
2885	10015	1
2885	2512	1
2885	2495	1
2885	10342	1
2885	1742	1
2885	10006	1
2885	5621	1
2885	1191	1
2885	3309	1
2885	58512	1
2885	22839	1
2885	7431	1
2885	4130	1
2885	28964	1
2885	1627	1
2885	2316	1
2885	10188	1
2885	5799	1
2885	998	1
2885	5781	1
2885	3190	1
2885	10657	1
2885	10540	1
2885	10236	1
2885	3183	1
2885	2954	1
2885	22941	1
2885	50807	1
2885	80852	1
2885	7415	1
2885	5062	1
2885	6711	1
2885	3845	1
2885	85358	1
2885	5530	1
2885	25	1
2885	23114	1
2885	23230	1
2885	22999	1
2885	1271	1
2885	2799	1
2885	6137	1
2885	6237	1
2885	2550	1
2885	27154	1
2885	2571	1
2885	287	1
2885	26275	1
2885	274	1
2885	2023	1
2885	2	1
2885	1337	1
2885	1892	1
2885	2271	1
2885	2098	1
2885	9093	1
2885	5930	1
2885	7316	1
2885	25758	1
2885	25930	1
2885	26153	1
2885	4627	1
2885	4509	1
2885	1315	1
2885	373156	1
2885	3937	1
2885	5532	1
2885	7311	1
2885	9229	1
2885	2047	1
2885	51726	1
2885	3856	1
2885	79869	1
2885	4133	1
2885	448834	1
2885	60314	1
2885	51560	1
2885	3780	1
2885	399687	1
2885	7317	1
2885	8867	1
2885	8766	1
2885	9266	1
2885	9729	1
2885	9901	1
2885	9054	1
2885	8506	1
2885	675	1
2885	8853	1
2885	3568	1
2885	51762	1
2885	51596	1
2885	9948	1
2885	6506	1
2885	8936	1
29993	7534	1
29993	2495	1
29993	667	1
29993	3064	1
29993	3190	1
29993	27316	1
29993	6711	1
29993	4137	1
29993	25	1
29993	4509	1
29993	2778	1
29993	8522	1
29993	30845	1
29993	8867	1
29993	84457	1
6456	10015	1
6456	6457	1
6456	22839	1
6456	6453	1
6456	2534	1
6456	10657	1
6456	2010	1
6456	10570	1
6456	71	1
6456	50807	1
6456	1781	1
6456	57030	1
6456	25930	1
6456	3937	1
6456	8867	1
6456	9901	1
22895	5864	1
22895	8573	1
22895	5874	1
6548	3265	1
6548	7529	1
6548	3845	1
6548	801	1
6548	9448	1
6548	999	1
6548	5534	1
6548	11261	1
3303	5792	1
3303	3320	1
3303	192111	1
3303	6622	1
3303	9131	1
3303	4137	1
3303	10963	1
3303	22919	1
3303	6767	1
3303	999	1
3303	9693	1
3303	9868	1
3303	6620	1
3265	5898	1
3265	8773	1
3265	5894	1
3265	1495	1
3265	10006	1
3265	1838	1
3265	4684	1
3265	1739	1
3265	1741	1
3265	4301	1
3265	4478	1
3265	1173	1
3265	6558	1
3265	5792	1
3265	998	1
3265	23176	1
3265	5573	1
3265	23673	1
3265	8476	1
3265	4905	1
3265	27131	1
3265	10397	1
3265	4140	1
3265	5861	1
3265	11031	1
3265	140885	1
3265	23157	1
3265	7165	1
3265	5413	1
3265	4067	1
3265	1499	1
3265	476	1
3265	23043	1
3265	6711	1
3265	6714	1
3265	6708	1
3265	6709	1
3265	3845	1
3265	4155	1
3265	85358	1
3265	5870	1
3265	6845	1
3265	10211	1
3265	50488	1
3265	10458	1
3265	23513	1
3265	1267	1
3265	4082	1
3265	5910	1
3265	23236	1
3265	2776	1
3265	3107	1
3265	23191	1
3265	51715	1
3265	338	1
3265	1525	1
3265	6844	1
3265	301	1
3265	310	1
3265	23646	1
3265	10381	1
3265	118	1
3265	989	1
3265	11059	1
3265	23011	1
3265	10890	1
3265	2011	1
3265	157922	1
3265	120	1
3265	3482	1
3265	1500	1
3265	10652	1
3265	54927	1
3265	10801	1
3265	10938	1
3265	255057	1
3265	9341	1
3265	11311	1
3265	10493	1
3265	9448	1
3265	999	1
3265	7037	1
3265	5362	1
3265	214	1
3265	6507	1
3265	1947	1
3265	112	1
3265	5333	1
3265	55752	1
3265	6566	1
3265	6520	1
3265	2036	1
3265	8502	1
3265	10067	1
3265	158358	1
3265	5872	1
3265	9475	1
3265	9522	1
3265	8495	1
3265	490	1
3265	493	1
3265	682	1
3265	2035	1
3265	5097	1
3265	5297	1
3265	9066	1
3265	9230	1
3265	9253	1
3265	25921	1
3265	255252	1
3265	65108	1
3265	119	1
3265	23603	1
3265	5361	1
3265	11261	1
3265	27020	1
3265	25800	1
3265	4763	1
3265	811	1
3265	5291	1
3265	987	1
3265	51025	1
3265	8036	1
3265	8417	1
3265	9554	1
3265	5874	1
3265	6233	1
3265	9962	1
3265	8140	1
3265	7879	1
3265	6305	1
3265	6515	1
3265	57446	1
3265	6509	1
3265	57465	1
5898	149371	1
5898	55770	1
5898	3845	1
5898	801	1
5898	51726	1
5898	9126	1
5898	5333	1
6616	6804	1
6616	6453	1
6616	112476	1
6616	3799	1
6616	6857	1
6616	6844	1
6616	112755	1
6616	2054	1
6616	999	1
6616	10815	1
6616	80725	1
322	351	1
322	5621	1
322	334	1
322	3845	1
322	4035	1
322	301	1
322	382	1
351	7532	1
351	1072	1
351	3028	1
351	5621	1
351	1191	1
351	4747	1
351	2273	1
351	29979	1
351	10053	1
351	7165	1
351	6622	1
351	1509	1
351	3845	1
351	4137	1
351	11140	1
351	5864	1
351	10211	1
351	2	1
351	22919	1
351	10128	1
351	4915	1
351	1410	1
351	5354	1
351	30968	1
351	10134	1
351	4916	1
351	56899	1
351	5872	1
351	9217	1
351	4763	1
351	811	1
351	84894	1
351	55754	1
351	4047	1
351	7267	1
351	8774	1
351	55361	1
10971	53616	1
10971	7531	1
10971	7529	1
10971	7532	1
10971	81565	1
10971	4137	1
10971	1781	1
10971	7316	1
10971	1947	1
10971	5291	1
10971	988	1
53616	7534	1
53616	7529	1
53616	1739	1
53616	23513	1
53616	9211	1
7534	7531	1
7534	7532	1
7534	1072	1
7534	5894	1
7534	5058	1
7534	5573	1
7534	11345	1
7534	5566	1
7534	7415	1
7534	81565	1
7534	4137	1
7534	7001	1
7534	2023	1
7534	10458	1
7534	5581	1
7534	4627	1
7534	55177	1
7534	11346	1
7534	3937	1
7534	51776	1
7534	5906	1
7534	2812	1
7534	999	1
7534	6854	1
7534	8745	1
7534	8567	1
7534	988	1
7534	8462	1
7531	7529	1
7531	7532	1
7531	7533	1
7531	5894	1
7531	2495	1
7531	2273	1
7531	2597	1
7531	81565	1
7531	801	1
7531	10486	1
7531	4513	1
7531	4628	1
7531	729873	1
7531	2938	1
7531	9588	1
7531	8573	1
7531	90799	1
7531	999	1
7531	26059	1
7531	6854	1
5048	1457	1
5048	5050	1
5048	5049	1
5048	10540	1
5048	1639	1
5048	81565	1
5048	23043	1
5048	10726	1
5048	1778	1
5048	9662	1
7529	7532	1
7529	5894	1
7529	815	1
7529	7431	1
7529	3064	1
7529	23136	1
7529	581	1
7529	81565	1
7529	55177	1
7529	816	1
7529	999	1
7532	5894	1
7532	5058	1
7532	23136	1
7532	81565	1
7532	25	1
7532	4628	1
7532	55177	1
7532	11346	1
7532	90799	1
7532	8766	1
7532	9729	1
7533	23136	1
7533	6622	1
7533	22999	1
7533	22832	1
7533	80184	1
7533	9662	1
7533	23322	1
2896	5034	1
2896	1399	1
2896	5879	1
2896	773	1
2896	3339	1
2896	55738	1
2896	821	1
2896	6449	1
2896	114971	1
8773	6804	1
8773	667	1
8773	3799	1
8773	3845	1
8773	6844	1
8773	112755	1
8773	2785	1
8773	63908	1
8773	9782	1
8773	2054	1
8773	999	1
8773	3916	1
8773	134957	1
8773	8775	1
8773	9515	1
1072	1073	1
1072	60	1
1072	71	1
1072	476	1
1072	6714	1
1072	10808	1
1072	2017	1
1072	70	1
5894	1021	1
5894	5058	1
5894	5315	1
5894	22800	1
5894	5594	1
5894	5573	1
5894	3320	1
5894	4043	1
5894	2810	1
5894	5062	1
5894	5037	1
5894	3845	1
5894	4155	1
5894	5515	1
5894	6237	1
5894	10963	1
5894	11140	1
5894	5595	1
5894	1399	1
5894	6009	1
5894	10910	1
5894	5516	1
5894	3326	1
5894	5906	1
5894	5604	1
5894	5536	1
5894	5708	1
5894	5813	1
5894	4763	1
5894	7203	1
2891	2892	1
2891	9463	1
2891	4905	1
2891	2893	1
2891	8497	1
2891	80852	1
2892	9463	1
2892	4905	1
2892	80852	1
3028	4190	1
3028	2752	1
3028	5160	1
3028	9131	1
3028	10452	1
3028	226	1
3028	1808	1
3028	8050	1
3028	3032	1
3028	3155	1
3028	5162	1
3028	3329	1
3028	498	1
3028	5836	1
3028	5163	1
3028	3030	1
3028	1431	1
3028	65018	1
3028	2110	1
3028	2746	1
3028	56993	1
3028	4967	1
3028	9804	1
3028	94081	1
9228	1742	1
9228	1739	1
9228	1741	1
9228	6453	1
9228	2904	1
9228	2906	1
9228	2534	1
9228	1740	1
9228	22941	1
9228	50944	1
9228	6714	1
9228	85358	1
9228	25	1
9228	1398	1
9228	9229	1
10015	815	1
10015	6453	1
10015	6773	1
10015	2534	1
10015	7251	1
10015	128866	1
10015	5362	1
55824	2048	1
55824	2534	1
55824	4067	1
55824	3845	1
55824	25	1
55824	999	1
55824	9368	1
2512	2495	1
2512	3064	1
2512	7251	1
2512	81565	1
2512	5501	1
2512	3312	1
2512	4656	1
2512	51678	1
2512	5911	1
2495	1460	1
2495	1191	1
2495	1400	1
2495	25843	1
2495	27063	1
2495	54472	1
2495	999	1
2495	91662	1
10342	2197	1
10342	6342	1
10342	1400	1
10342	3927	1
10342	219287	1
10342	311	1
10935	3184	1
10935	7316	1
10935	10549	1
10935	3329	1
10935	5163	1
2197	6188	1
6342	773	1
6342	3295	1
6342	5306	1
7905	23647	1
7905	11165	1
7905	55738	1
7905	5869	1
7905	821	1
91283	5217	1
91283	2778	1
91283	999	1
91283	9126	1
10574	1400	1
10574	1937	1
10574	5689	1
10574	1780	1
10574	3845	1
10574	1781	1
10574	301	1
10574	310	1
10574	7283	1
10574	10576	1
10574	509	1
10574	5908	1
10574	6229	1
1021	10006	1
1021	5684	1
1021	1499	1
1021	5515	1
1021	11140	1
1021	55083	1
1021	3326	1
824	5594	1
824	826	1
824	4137	1
6804	23025	1
6804	7431	1
6804	23673	1
6804	5684	1
6804	2010	1
6804	8675	1
6804	11140	1
6804	6812	1
6804	10228	1
6804	6844	1
6804	116841	1
6804	8674	1
6804	6843	1
6804	63908	1
6804	80342	1
6804	2054	1
6804	5354	1
6804	9341	1
6804	2824	1
6804	10815	1
6804	6813	1
6804	10497	1
6804	9342	1
6804	975	1
6804	80777	1
6804	8417	1
6804	9554	1
1495	1457	1
1495	4301	1
1495	3728	1
1495	1499	1
1495	3845	1
1495	1487	1
1495	87	1
1495	229	1
1495	5604	1
1495	23424	1
1495	999	1
1495	9922	1
5058	7431	1
5058	2316	1
5058	5499	1
5058	961	1
5058	998	1
5058	3320	1
5058	8655	1
5058	140735	1
5058	8874	1
5058	1020	1
5058	4155	1
5058	5515	1
5058	2017	1
5058	3182	1
5058	29066	1
5058	5879	1
5058	6130	1
5058	5236	1
5058	84446	1
2934	60	1
2934	27347	1
2934	58	1
3612	7415	1
3612	6285	1
2108	998	1
2108	9131	1
2108	3312	1
2108	3329	1
2108	5163	1
2108	1327	1
2108	2109	1
2108	9804	1
2108	84987	1
2108	94081	1
3800	1459	1
3800	1457	1
3800	23043	1
3800	7430	1
259217	4897	1
259217	4074	1
23499	2273	1
23499	2932	1
23499	5601	1
23499	50807	1
23499	23043	1
23499	9378	1
23499	23011	1
23499	116841	1
23499	26086	1
23499	999	1
23499	6128	1
23499	506	1
23499	4897	1
23499	988	1
55187	2932	1
55187	4259	1
55187	56993	1
55187	9804	1
55187	8567	1
23037	9378	1
23037	6336	1
23037	10458	1
23037	1501	1
23025	23136	1
23025	6812	1
815	10006	1
815	1739	1
815	2904	1
815	88	1
815	5683	1
815	57554	1
815	4137	1
815	22999	1
815	801	1
815	817	1
815	11140	1
815	3837	1
815	6331	1
815	87	1
815	3326	1
815	3927	1
815	2912	1
815	816	1
815	51350	1
815	5701	1
815	5705	1
815	2890	1
815	818	1
815	2913	1
815	81	1
1742	58512	1
1742	22839	1
1742	1741	1
1742	4130	1
1742	2904	1
1742	2906	1
1742	5575	1
1742	5594	1
1742	3190	1
1742	23136	1
1742	6092	1
1742	50944	1
1742	50807	1
1742	23095	1
1742	2902	1
1742	23043	1
1742	6714	1
1742	4155	1
1742	6812	1
1742	1540	1
1742	57555	1
1742	10452	1
1742	27445	1
1742	10992	1
1742	23168	1
1742	1128	1
1742	1786	1
1742	221692	1
1742	4035	1
1742	54413	1
1742	9229	1
1742	5528	1
1742	4129	1
1742	3329	1
1742	8573	1
1742	79869	1
1742	26086	1
1742	547	1
1742	1501	1
1742	2895	1
1742	55681	1
1742	6326	1
1742	8502	1
1742	3737	1
1742	57510	1
1742	5286	1
1742	54862	1
1742	6645	1
1742	51663	1
1742	4897	1
1742	3738	1
1742	9568	1
1742	7343	1
1742	988	1
1742	9901	1
1742	9693	1
1742	864	1
1742	8120	1
1742	8447	1
1742	91662	1
1742	8831	1
1742	3751	1
10006	1838	1
10006	22839	1
10006	667	1
10006	2534	1
10006	5781	1
10006	3190	1
10006	4067	1
10006	6714	1
10006	6708	1
10006	85358	1
10006	10787	1
10006	25	1
10006	23114	1
10006	1398	1
10006	50488	1
10006	10458	1
10006	9456	1
10006	1399	1
10006	773	1
10006	7430	1
10006	9454	1
10006	999	1
10006	7168	1
10006	70	1
10006	8867	1
10006	3916	1
10006	9729	1
6457	7431	1
6457	3064	1
6457	23176	1
6457	2534	1
6457	2010	1
6457	4715	1
6457	396	1
6457	10570	1
6457	6709	1
6457	57030	1
6457	80331	1
6457	3192	1
6457	8867	1
6457	9568	1
3178	3184	1
3178	9796	1
3178	3183	1
3178	3181	1
3178	4000	1
3178	7920	1
3178	220988	1
1459	1460	1
1459	1457	1
1459	5034	1
1459	9463	1
1459	19	1
1459	3006	1
1460	1457	1
1460	1173	1
1460	6453	1
1460	5499	1
1460	2932	1
1460	60	1
1460	5210	1
1460	6622	1
1460	4067	1
1460	1454	1
1460	5501	1
1460	85358	1
1460	5515	1
1460	6137	1
1460	801	1
1460	10724	1
1460	773	1
1460	1786	1
1460	347733	1
1460	128	1
1460	10681	1
1460	10120	1
1460	118	1
1460	11004	1
1460	6125	1
1460	5500	1
1460	5519	1
1460	5518	1
1460	5529	1
1460	5528	1
1460	156	1
1460	4355	1
1460	5756	1
1460	3692	1
1460	5187	1
1460	8864	1
1460	7155	1
1460	5306	1
1460	975	1
1460	6389	1
1460	7416	1
1460	5096	1
1460	55690	1
1460	9948	1
1460	221545	1
1460	5481	1
1460	8473	1
1457	348	1
1457	2904	1
1457	5594	1
1457	5814	1
1457	5684	1
1457	5685	1
1457	4904	1
1457	1936	1
1457	6176	1
1457	3320	1
1457	26135	1
1457	6421	1
1457	4734	1
1457	3183	1
1457	27316	1
1457	6622	1
1457	6711	1
1457	6709	1
1457	4137	1
1457	10059	1
1457	6137	1
1457	801	1
1457	3181	1
1457	7323	1
1457	55611	1
1457	10910	1
1457	4627	1
1457	10130	1
1457	10992	1
1457	164592	1
1457	5567	1
1457	3326	1
1457	6125	1
1457	10923	1
1457	11333	1
1457	23122	1
1457	81892	1
1457	821	1
1457	3482	1
1457	8674	1
1457	79869	1
1457	4735	1
1457	498	1
1457	146705	1
1457	79169	1
1457	5007	1
1457	6128	1
1457	3308	1
1457	27044	1
1457	6188	1
1457	9318	1
1457	3191	1
1457	8396	1
1457	490	1
1457	64423	1
1457	6175	1
1457	57448	1
1457	84152	1
1457	7343	1
1457	7153	1
1457	5230	1
1457	92140	1
1457	6222	1
1457	8473	1
1457	7504	1
1457	92675	1
1457	4676	1
1457	55753	1
1457	80198	1
529	226	1
529	229	1
529	230	1
529	534	1
529	9550	1
7919	10382	1
7919	29888	1
7919	10381	1
7919	999	1
7919	70	1
1838	9463	1
1838	5575	1
1838	3798	1
1838	3866	1
1838	7415	1
1838	81565	1
1838	23281	1
1838	8495	1
3184	5034	1
3184	10989	1
3184	2316	1
3184	3190	1
3184	4904	1
3184	60	1
3184	3183	1
3184	10492	1
3184	4137	1
3184	3181	1
3184	7316	1
3184	3921	1
3184	1508	1
3184	58155	1
3184	5906	1
3184	5604	1
3184	10801	1
3184	3192	1
3184	70	1
3184	10097	1
3184	6520	1
3184	4131	1
3184	975	1
3184	1938	1
3184	7384	1
3184	378	1
3184	708	1
3184	51596	1
348	5621	1
348	71	1
348	6622	1
348	7001	1
348	11140	1
348	2	1
348	6009	1
348	6767	1
348	4035	1
348	2193	1
348	55738	1
348	9361	1
348	53822	1
348	6124	1
348	5110	1
348	9922	1
348	90580	1
348	3931	1
4684	5621	1
4684	3845	1
4684	6009	1
4684	7345	1
1804	5621	1
4685	5621	1
4685	3183	1
1272	5621	1
1272	5499	1
1272	5803	1
4099	5621	1
4340	5621	1
5621	1191	1
5621	5034	1
5621	3897	1
5621	334	1
5621	3309	1
5621	2273	1
5621	5684	1
5621	5693	1
5621	2915	1
5621	9659	1
5621	11091	1
5621	1267	1
5621	4000	1
5621	4045	1
5621	50863	1
5621	22872	1
5621	2631	1
5621	1410	1
5621	7745	1
5621	8495	1
5621	471	1
5621	526	1
5621	8745	1
5621	4978	1
1191	5305	1
1191	5575	1
1191	3320	1
1191	1743	1
1191	5601	1
1191	23043	1
1191	9349	1
1191	10728	1
1191	128	1
1191	87	1
1191	3326	1
1191	55082	1
1191	5536	1
1191	200734	1
1191	11130	1
1191	6252	1
1191	65018	1
1191	117	1
1191	8462	1
1191	7266	1
5034	29979	1
5034	4137	1
5034	2023	1
5034	10549	1
5034	50863	1
5034	5479	1
3897	57524	1
3897	8682	1
3897	5361	1
334	3845	1
334	3006	1
3309	5792	1
3309	5799	1
3309	10961	1
3309	3146	1
3309	7316	1
3309	1832	1
3309	4628	1
3309	10130	1
3309	3925	1
3309	51726	1
3309	7184	1
3309	999	1
3309	10525	1
3309	6139	1
3309	6122	1
3309	56896	1
3309	6533	1
3309	7873	1
58512	1739	1
58512	1741	1
58512	2801	1
58512	2534	1
58512	1740	1
58512	22941	1
58512	6714	1
58512	85358	1
58512	25	1
58512	1398	1
22839	1739	1
22839	1741	1
22839	2534	1
22839	22941	1
22839	6714	1
22839	3845	1
22839	85358	1
22839	25	1
22839	1398	1
22839	274	1
22839	23281	1
22839	7316	1
22839	9368	1
22839	84152	1
1739	2904	1
1739	2906	1
1739	5791	1
1739	50807	1
1739	23095	1
1739	2902	1
1739	3845	1
1739	10458	1
1739	6331	1
1739	7430	1
1739	9229	1
1739	8573	1
1739	1501	1
1739	2895	1
1739	999	1
1739	2890	1
1739	3192	1
1739	8502	1
1739	3916	1
1739	4897	1
1739	491	1
1739	60412	1
1739	9922	1
1739	6505	1
1741	19	1
1741	2904	1
1741	2906	1
1741	2902	1
1741	3845	1
1741	10458	1
1741	57555	1
1741	54413	1
1741	9229	1
1741	7458	1
1741	60412	1
1741	8831	1
1741	6202	1
7334	7336	1
7334	9131	1
7334	51283	1
7334	55611	1
7334	112401	1
7334	7316	1
7334	7335	1
7334	7317	1
7334	93664	1
7431	1400	1
7431	4747	1
7431	5682	1
7431	2932	1
7431	293	1
7431	26135	1
7431	6612	1
7431	6853	1
7431	8848	1
7431	27229	1
7431	2670	1
7431	10900	1
7431	22866	1
7431	1832	1
7431	25828	1
7431	7295	1
7431	310	1
7431	6194	1
7431	3856	1
7431	271	1
7431	4741	1
7431	5705	1
7431	84289	1
7431	9475	1
7431	8495	1
7431	9729	1
7431	79682	1
7431	84790	1
7431	8831	1
10254	5799	1
10254	29979	1
10254	7323	1
10254	7316	1
10254	25930	1
10254	3937	1
10254	1678	1
10254	3916	1
10254	55274	1
667	4747	1
667	2932	1
667	1639	1
667	5062	1
667	23043	1
667	26060	1
667	6812	1
667	22919	1
667	7430	1
667	27063	1
667	999	1
667	6128	1
667	477	1
667	70	1
667	56993	1
667	3916	1
667	9804	1
667	4744	1
667	988	1
375	1937	1
375	23647	1
375	50807	1
375	3845	1
375	29066	1
375	1315	1
375	55738	1
375	116986	1
375	116987	1
375	9266	1
29924	161	1
29924	1400	1
29924	6453	1
29924	8301	1
161	3064	1
161	163	1
161	6453	1
161	1213	1
161	54413	1
161	1175	1
161	6712	1
161	8867	1
5063	998	1
5063	8874	1
5063	5879	1
4130	3778	1
4130	388	1
4130	5339	1
28964	3064	1
28964	5305	1
28964	8497	1
28964	8874	1
28964	81565	1
28964	8499	1
28964	27445	1
28964	3692	1
28964	8541	1
28964	79682	1
1400	3064	1
1400	2801	1
1400	1936	1
1400	5050	1
1400	5717	1
1400	25843	1
1400	10399	1
1400	217	1
1400	8848	1
1400	10570	1
1400	57142	1
1400	7415	1
1400	6714	1
1400	3146	1
1400	773	1
1400	5216	1
1400	1808	1
1400	51776	1
1400	310	1
1400	7311	1
1400	51726	1
1400	1809	1
1400	7846	1
1400	4729	1
1400	26985	1
1400	3336	1
1400	55755	1
1400	55512	1
1937	1891	1
1937	5802	1
1937	5792	1
1937	998	1
1937	2932	1
1937	1936	1
1937	10382	1
1937	5717	1
1937	11165	1
1937	6284	1
1937	10381	1
1937	10768	1
1937	999	1
1937	6124	1
1937	3006	1
1937	70	1
1937	55848	1
1937	55755	1
1937	9446	1
1937	79902	1
1891	3064	1
1891	2801	1
1891	5682	1
1891	1936	1
1891	5050	1
1891	9131	1
1891	29066	1
1891	6194	1
1891	80184	1
1891	3098	1
1891	5163	1
1891	9662	1
1891	56993	1
1891	8766	1
1891	9804	1
1891	84987	1
1891	94081	1
1891	55848	1
10989	1915	1
10989	213	1
10989	4715	1
10989	7251	1
10989	81565	1
10989	5160	1
10989	9659	1
10989	9131	1
10989	11140	1
10989	10426	1
10989	80007	1
10989	4259	1
10989	1327	1
10989	22948	1
10989	4134	1
10989	56993	1
10989	9804	1
10989	84987	1
10989	94081	1
10989	55848	1
10989	5481	1
3064	5315	1
3064	5695	1
3064	5217	1
3064	2597	1
3064	10540	1
3064	6622	1
3064	1499	1
3064	3146	1
3064	9093	1
3064	10458	1
3064	51466	1
3064	1315	1
3064	7430	1
3064	128866	1
3064	23380	1
3064	152789	1
3064	120	1
3064	1778	1
3064	3329	1
3064	63908	1
3064	55735	1
3064	84289	1
3064	6124	1
3064	5164	1
3064	9901	1
3064	8462	1
3064	5064	1
3064	8239	1
3064	8065	1
4747	9463	1
4747	2801	1
4747	2670	1
4747	3866	1
4747	23043	1
4747	9659	1
4747	23281	1
4747	5901	1
4747	29922	1
4747	55170	1
4747	3860	1
4747	4741	1
4747	55755	1
3306	10808	1
3306	3312	1
3306	5708	1
1627	2273	1
1627	11165	1
1627	7178	1
1627	2697	1
1627	7323	1
1627	999	1
1627	70	1
1627	9910	1
2316	2534	1
2316	6714	1
2316	25	1
2316	1398	1
2316	5567	1
2316	54413	1
2316	3326	1
2316	4000	1
2316	5604	1
2316	3310	1
2316	999	1
2316	818	1
2316	27145	1
2316	7204	1
2316	675	1
2316	91662	1
2194	7316	1
2194	4000	1
2194	999	1
1174	9463	1
1174	162	1
1174	164	1
2048	4301	1
2048	9463	1
2048	6714	1
2048	25	1
9369	4301	1
9369	8573	1
9369	80331	1
4301	22800	1
4301	6714	1
4301	3845	1
4301	9378	1
4301	5216	1
4301	5906	1
4301	999	1
3556	5789	1
3556	54472	1
4478	3845	1
4478	6336	1
4478	7430	1
4478	9448	1
4478	9368	1
5315	5594	1
5315	274	1
5315	5595	1
5315	7316	1
5315	29066	1
5315	310	1
5315	999	1
5315	5427	1
5315	5908	1
22800	5910	1
9463	5682	1
9463	5050	1
9463	26135	1
9463	5601	1
9463	22924	1
9463	6531	1
9463	2893	1
9463	2395	1
9463	5582	1
9463	81565	1
9463	6711	1
9463	5037	1
9463	57555	1
9463	5578	1
9463	29922	1
9463	221184	1
9463	81892	1
9463	54550	1
9463	9852	1
9463	92840	1
9463	56904	1
9463	80184	1
9463	11077	1
9463	463	1
9463	6627	1
9463	51760	1
9463	7458	1
9463	8907	1
9463	79169	1
9463	90799	1
9463	93974	1
9463	1984	1
9463	7869	1
9463	2898	1
9463	2913	1
9463	1947	1
9463	5534	1
163	1173	1
163	6453	1
163	293	1
163	1213	1
163	27229	1
163	10053	1
163	23396	1
163	25828	1
163	8907	1
163	80331	1
163	25977	1
163	1175	1
163	9550	1
163	9729	1
163	55707	1
1173	10900	1
1173	6146	1
1173	773	1
1173	162	1
1173	79169	1
1173	361	1
1173	8343	1
1173	1175	1
1173	92255	1
51747	5781	1
6453	23647	1
6453	998	1
6453	5781	1
6453	1915	1
6453	3798	1
6453	1213	1
6453	27131	1
6453	7251	1
6453	8499	1
6453	4155	1
6453	23281	1
6453	7430	1
6453	51776	1
6453	8301	1
6453	9229	1
6453	338785	1
6453	3848	1
6453	5144	1
6453	382	1
6453	5868	1
6453	9522	1
6453	1783	1
6453	8853	1
6453	7461	1
392	998	1
392	387	1
392	3845	1
392	5879	1
392	821	1
392	57460	1
392	999	1
392	3916	1
392	1783	1
10188	998	1
10188	4734	1
10188	5062	1
10188	2017	1
10188	3326	1
10188	6142	1
19	1740	1
19	55327	1
19	25814	1
19	6645	1
19	8825	1
19	8777	1
19	6390	1
2904	2534	1
2904	88	1
2904	1740	1
2904	2902	1
2904	5582	1
2904	817	1
2904	23513	1
2904	5578	1
2904	5579	1
2904	818	1
5499	23228	1
5499	5594	1
5499	1213	1
5499	6421	1
5499	1639	1
5499	1454	1
5499	4137	1
5499	5501	1
5499	1398	1
5499	5595	1
5499	1267	1
5499	29066	1
5499	221692	1
5499	11331	1
5499	5579	1
5499	5837	1
5499	1152	1
5499	114569	1
5499	5529	1
5499	5202	1
5499	9448	1
5499	999	1
5499	8864	1
5499	2890	1
5499	11228	1
5499	116143	1
5499	6500	1
5499	55210	1
5499	84687	1
5499	57821	1
5499	988	1
5499	5510	1
5499	908	1
23228	23043	1
2801	23647	1
2801	6262	1
2801	5781	1
2801	10627	1
2801	5682	1
2801	5685	1
2801	25843	1
2801	5861	1
2801	29888	1
2801	10094	1
2801	3854	1
2801	27229	1
2801	149371	1
2801	2670	1
2801	3853	1
2801	8615	1
2801	81565	1
2801	11140	1
2801	11091	1
2801	4628	1
2801	1329	1
2801	1641	1
2801	3937	1
2801	9961	1
2801	29922	1
2801	11033	1
2801	1152	1
2801	58155	1
2801	3927	1
2801	116841	1
2801	10529	1
2801	11151	1
2801	286887	1
2801	10434	1
2801	54550	1
2801	79165	1
2801	54927	1
2801	1974	1
2801	56904	1
2801	463	1
2801	11099	1
2801	146705	1
2801	51760	1
2801	79169	1
2801	3848	1
2801	90799	1
2801	23526	1
2801	4698	1
2801	80273	1
2801	51382	1
2801	29966	1
2801	999	1
2801	10525	1
2801	79048	1
2801	7168	1
2801	509	1
2801	6576	1
2801	9126	1
2801	539	1
2801	8502	1
2801	6801	1
2801	5862	1
2801	9321	1
2801	51164	1
2801	3029	1
2801	23352	1
2801	81876	1
2801	9550	1
2801	8825	1
2801	988	1
2801	84894	1
2801	8065	1
2801	84932	1
2801	54734	1
2801	50804	1
6558	6421	1
6558	3845	1
6558	821	1
6558	999	1
6558	27347	1
6558	3916	1
2906	4734	1
2906	1398	1
2906	1487	1
5802	5792	1
5802	5789	1
5802	5217	1
5802	25843	1
5802	11021	1
5802	8499	1
5802	7204	1
5802	8541	1
5802	7280	1
5792	387	1
5792	2534	1
5792	1915	1
5792	3320	1
5792	2597	1
5792	60	1
5792	8499	1
5792	10910	1
5792	3312	1
5792	5910	1
5792	10383	1
5792	3313	1
5792	3939	1
5792	10376	1
5792	9181	1
5792	284069	1
5792	10801	1
5792	498	1
5792	3945	1
5792	8294	1
5792	8366	1
5792	114294	1
5792	7204	1
5792	9475	1
5792	38	1
5792	8541	1
5792	873	1
5792	3305	1
5789	8499	1
5789	1454	1
5789	274	1
5789	2011	1
5789	7204	1
5789	8541	1
5791	10458	1
5791	26999	1
5791	91662	1
5791	8936	1
5803	2534	1
5799	57731	1
5799	3868	1
5799	3872	1
23647	3866	1
23647	5879	1
23647	51100	1
23647	114569	1
23647	65009	1
23647	3868	1
23647	192683	1
23647	84289	1
23647	999	1
23647	6855	1
23647	382	1
23647	9522	1
23647	381	1
23647	377	1
5305	373156	1
5305	5707	1
91404	11075	1
91404	50807	1
91404	6812	1
91404	3925	1
91404	8618	1
961	140885	1
961	10326	1
6262	5566	1
6262	7415	1
6262	274	1
6262	1315	1
6262	5567	1
6262	2280	1
10961	29979	1
10961	63893	1
10961	11059	1
10961	6449	1
10961	811	1
10961	5291	1
998	5575	1
998	8476	1
998	396	1
998	5601	1
998	4649	1
998	5704	1
998	5062	1
998	3845	1
998	2	1
998	9093	1
998	10458	1
998	7316	1
998	57144	1
998	5910	1
998	9349	1
998	6146	1
998	6767	1
998	5879	1
998	8780	1
998	27145	1
998	116986	1
998	158358	1
998	4134	1
998	3916	1
998	94081	1
998	5291	1
5575	5573	1
5575	2932	1
5575	54906	1
5575	5566	1
5575	3799	1
5575	11140	1
5575	1329	1
5575	157922	1
5575	79165	1
5575	5019	1
5575	9465	1
5576	2810	1
5576	22919	1
5576	5660	1
5576	11214	1
5576	56993	1
5576	3916	1
5576	9804	1
5576	9590	1
5576	9495	1
5576	9465	1
387	10399	1
387	396	1
387	3845	1
387	55611	1
387	5910	1
387	5879	1
387	9181	1
387	116986	1
387	11113	1
387	3737	1
387	56899	1
387	6185	1
5924	51663	1
5594	5682	1
5594	4904	1
5594	2932	1
5594	2597	1
5594	476	1
5594	1509	1
5594	4137	1
5594	4155	1
5594	85358	1
5594	5515	1
5594	6812	1
5594	5595	1
5594	23513	1
5594	1399	1
5594	136319	1
5594	9588	1
5594	5604	1
5594	3856	1
5594	3791	1
5594	5144	1
5594	6720	1
5594	5526	1
5594	9662	1
5594	8682	1
5594	708	1
5594	7343	1
5594	7153	1
5594	8462	1
6773	5814	1
6773	23176	1
6773	23673	1
6773	81565	1
6773	23043	1
6773	3326	1
6773	5955	1
6773	999	1
6773	55832	1
6773	51138	1
5814	8907	1
23176	5413	1
23176	6711	1
23176	3845	1
23176	2	1
23176	7430	1
23176	989	1
23176	5414	1
2534	3190	1
2534	10657	1
2534	1213	1
2534	23136	1
2534	10236	1
2534	4734	1
2534	2954	1
2534	57142	1
2534	50807	1
2534	2902	1
2534	6622	1
2534	5062	1
2534	1499	1
2534	4137	1
2534	4155	1
2534	85358	1
2534	25	1
2534	23114	1
2534	23230	1
2534	22999	1
2534	1271	1
2534	2799	1
2534	6237	1
2534	2550	1
2534	27154	1
2534	2571	1
2534	2023	1
2534	11140	1
2534	6812	1
2534	9093	1
2534	57144	1
2534	10130	1
2534	3326	1
2534	9229	1
2534	55170	1
2534	1500	1
2534	30818	1
2534	2044	1
2534	3493	1
2534	9054	1
2534	8506	1
2534	675	1
2534	987	1
2534	8853	1
2534	9900	1
2273	9659	1
2273	6714	1
2273	274	1
2273	2023	1
2273	5516	1
2273	4000	1
2273	9590	1
5573	2932	1
5573	875	1
5573	5566	1
5573	3845	1
5573	5567	1
5573	821	1
5573	7381	1
5573	9495	1
5573	9465	1
9738	2932	1
9738	1398	1
9738	801	1
9738	22832	1
9738	80184	1
9738	4133	1
9738	10380	1
9738	5756	1
9738	9662	1
9738	23322	1
5781	10492	1
5781	23043	1
5781	6714	1
5781	5595	1
5781	1399	1
5781	3791	1
3190	10657	1
3190	10949	1
3190	10656	1
3190	202559	1
3190	27316	1
3190	4067	1
3190	10492	1
3190	6714	1
3190	3181	1
3190	11059	1
3190	1655	1
3190	26986	1
3190	9782	1
3190	93974	1
3190	999	1
3190	10550	1
3190	1821	1
3190	3191	1
23673	3845	1
23673	4000	1
23673	23786	1
23673	2054	1
23673	493856	1
23673	51075	1
23673	92344	1
23673	80331	1
23673	4131	1
23673	9342	1
23673	3916	1
23673	9515	1
23673	50804	1
23673	54842	1
8476	10627	1
8476	26135	1
8476	3845	1
8476	3192	1
8476	3006	1
10627	11113	1
10627	9475	1
88	5682	1
88	7277	1
88	10399	1
88	57554	1
88	26060	1
88	23513	1
88	87	1
88	5500	1
88	9172	1
88	54472	1
88	8294	1
88	8366	1
88	7846	1
5682	5683	1
5682	5684	1
5682	5685	1
5682	5687	1
5682	5690	1
5682	5689	1
5682	5691	1
5682	5693	1
5682	5694	1
5682	5695	1
5682	22924	1
5682	10656	1
5682	3866	1
5682	875	1
5682	7415	1
5682	5688	1
5682	5692	1
5682	55611	1
5682	23281	1
5682	22919	1
5682	10243	1
5682	4513	1
5682	4628	1
5682	2773	1
5682	87	1
5682	29922	1
5682	51100	1
5682	3860	1
5682	9454	1
5682	54550	1
5682	3880	1
5682	11077	1
5682	80273	1
5682	10525	1
5682	9126	1
5682	378	1
5682	3029	1
5682	81876	1
5682	7143	1
5682	5686	1
5683	5684	1
5683	5685	1
5683	5687	1
5683	5690	1
5683	5693	1
5683	5688	1
5683	9454	1
5684	5685	1
5684	5687	1
5684	5693	1
5684	3845	1
5684	5688	1
5684	5692	1
5684	25930	1
5684	22859	1
5684	10228	1
5684	1410	1
5684	3927	1
5684	3954	1
5684	527	1
5684	284069	1
5684	547	1
5684	9253	1
5685	5688	1
5687	5693	1
5687	5694	1
5687	5530	1
5687	5688	1
5687	146705	1
5687	6252	1
5687	5709	1
5690	5689	1
5690	5691	1
5690	5693	1
5690	3860	1
5689	5691	1
5689	5693	1
5689	5695	1
5689	11075	1
5689	22924	1
5689	3866	1
5689	5688	1
5689	5692	1
5689	23281	1
5689	56850	1
5689	152789	1
5689	3860	1
5689	79165	1
5689	54472	1
5689	55364	1
5689	818	1
5689	8396	1
5689	84908	1
5691	5693	1
5691	5694	1
5691	5695	1
5691	5688	1
5691	5692	1
5693	5694	1
5693	5695	1
5693	5692	1
5694	5695	1
5694	999	1
5694	7846	1
5695	5692	1
5695	2521	1
4904	2932	1
4904	10657	1
4904	7415	1
4904	7178	1
4904	5930	1
4904	63893	1
4904	3107	1
4904	3937	1
2932	1915	1
2932	6176	1
2932	3320	1
2932	2597	1
2932	51631	1
2932	2783	1
2932	6421	1
2932	55968	1
2932	581	1
2932	5210	1
2932	5566	1
2932	1499	1
2932	3799	1
2932	4137	1
2932	5530	1
2932	10059	1
2932	11140	1
2932	10243	1
2932	10724	1
2932	1786	1
2932	1808	1
2932	5567	1
2932	5578	1
2932	5579	1
2932	3032	1
2932	23205	1
2932	11033	1
2932	1622	1
2932	57731	1
2932	1500	1
2932	93974	1
2932	999	1
2932	3308	1
2932	6187	1
2932	7846	1
2932	5144	1
2932	51569	1
2932	10920	1
2932	6720	1
2932	4134	1
2932	57498	1
2932	11037	1
2932	84966	1
2932	7511	1
2932	57662	1
2932	80150	1
2932	4796	1
10657	10382	1
10657	10236	1
10657	60	1
10657	10656	1
10657	202559	1
10657	27316	1
10657	4067	1
10657	10492	1
10657	6714	1
10657	1399	1
10657	10243	1
10657	10381	1
10657	1655	1
10657	58155	1
10657	5339	1
10657	6447	1
10657	3161	1
1936	7178	1
1936	7316	1
1936	2617	1
1936	999	1
1936	3008	1
10093	10094	1
10093	10097	1
10093	10092	1
10093	10109	1
10093	57180	1
10093	81873	1
1915	6176	1
1915	5217	1
1915	5050	1
1915	5717	1
1915	11075	1
1915	7114	1
1915	8655	1
1915	9796	1
1915	23095	1
1915	6622	1
1915	3845	1
1915	6237	1
1915	54413	1
1915	310	1
1915	3098	1
1915	999	1
1915	249	1
1915	3336	1
1915	5427	1
1915	5911	1
6176	4905	1
6176	11165	1
6176	25874	1
6176	7178	1
6176	7323	1
6176	5516	1
6176	6194	1
6176	6181	1
6176	7280	1
6176	9551	1
3320	6189	1
3320	1780	1
3320	11140	1
3320	10910	1
3320	4035	1
3320	10728	1
3320	5567	1
3320	3326	1
3320	2768	1
3320	269	1
3320	5536	1
3320	2058	1
3320	8943	1
3320	91662	1
3320	7266	1
10382	8874	1
10382	1781	1
10382	51495	1
10382	5708	1
10382	57662	1
5217	1743	1
5217	4714	1
5217	71	1
5217	5413	1
5217	6449	1
5217	6204	1
5217	70	1
4905	51631	1
4905	3845	1
4905	821	1
4905	5780	1
4905	56993	1
4905	3916	1
4905	9804	1
4905	84987	1
4905	9568	1
2597	5050	1
2597	5717	1
2597	6622	1
2597	1020	1
2597	5052	1
2597	301	1
2597	310	1
2597	27063	1
2597	10529	1
2597	70	1
2597	5550	1
2597	22843	1
2597	5230	1
2597	2806	1
2597	4712	1
5050	5049	1
5050	10808	1
5050	63893	1
5050	7280	1
5050	84966	1
10606	25843	1
10606	11140	1
10606	999	1
10606	70	1
5717	5566	1
5717	55170	1
5717	9318	1
5717	7280	1
5717	84966	1
293	1114	1
293	10399	1
293	29888	1
293	26519	1
293	23281	1
293	26520	1
1114	4140	1
1114	29979	1
1114	310	1
1114	8301	1
1114	6647	1
1114	11343	1
1114	7280	1
1114	7343	1
1114	5908	1
1743	9131	1
1743	10383	1
1743	3329	1
1743	5163	1
1743	1327	1
1743	23256	1
1743	84987	1
1743	94081	1
1743	7280	1
1743	4336	1
7277	2026	1
7277	6136	1
7277	2771	1
7277	4137	1
7277	7846	1
7277	22933	1
51631	213	1
51631	4734	1
51631	81565	1
51631	11140	1
51631	8682	1
51631	8618	1
51631	55755	1
2026	10640	1
2026	2029	1
2026	2	1
2026	3098	1
2026	4134	1
2026	374291	1
2026	311	1
2026	89927	1
3798	7251	1
3798	81565	1
3798	4000	1
3798	9448	1
3798	9693	1
11165	6132	1
11165	27229	1
11165	3301	1
11165	54927	1
11165	6139	1
11165	7846	1
11165	4942	1
11165	7511	1
11165	780	1
5049	1398	1
5049	6175	1
5049	7203	1
26135	56341	1
26135	999	1
26135	6204	1
25843	7336	1
25843	5515	1
25843	4831	1
25843	4637	1
25843	5518	1
25843	29966	1
25843	55917	1
25843	6801	1
25843	23322	1
25843	57498	1
25843	9693	1
6136	7001	1
6136	63893	1
6136	6194	1
6136	7846	1
10399	8655	1
10399	23435	1
10399	11269	1
10399	6714	1
10399	29066	1
10399	125	1
10399	3188	1
10399	3692	1
10399	54472	1
10399	999	1
10399	5144	1
10399	57448	1
10399	43	1
6612	310	1
11075	5700	1
7336	7316	1
7336	821	1
7336	84966	1
217	216	1
217	23521	1
217	3329	1
217	3692	1
217	5163	1
217	3336	1
217	84966	1
306	84966	1
3728	396	1
3728	1499	1
3728	3845	1
3728	1832	1
3728	999	1
4700	3329	1
4700	5163	1
4700	84987	1
4700	9551	1
3039	1509	1
3039	80331	1
3039	537	1
3039	3043	1
3039	3045	1
3039	3046	1
3040	1509	1
3040	80331	1
3040	537	1
3040	3043	1
3040	3045	1
3040	3046	1
1213	27131	1
1213	1639	1
1213	5566	1
1213	6714	1
1213	5501	1
1213	3312	1
1213	80007	1
1213	1211	1
1213	164	1
1213	48	1
10540	1639	1
10540	22924	1
10540	7251	1
10540	1780	1
10540	1781	1
10540	2775	1
10540	70	1
10540	65108	1
10540	51164	1
10540	1783	1
2010	1499	1
2010	6714	1
2010	3845	1
2010	25	1
2010	57144	1
2010	4000	1
2010	6194	1
2010	821	1
2010	80342	1
2010	11077	1
2010	493856	1
2010	51075	1
2010	92344	1
2010	999	1
2010	5868	1
2010	9217	1
2010	56993	1
2010	3916	1
2010	8766	1
2653	84289	1
2771	2783	1
2771	3326	1
2771	4924	1
2771	150	1
2771	2782	1
2771	7846	1
2771	59345	1
2783	8848	1
2783	826	1
2783	2788	1
2783	10963	1
2783	10726	1
2783	2773	1
2783	2770	1
2783	3326	1
2783	310	1
2783	5162	1
2783	821	1
2783	51495	1
2783	5708	1
2783	5202	1
2783	2785	1
2783	156	1
2783	7283	1
2783	111	1
2783	2786	1
2783	25814	1
2783	84987	1
2783	7266	1
2948	84966	1
27131	3845	1
27131	23396	1
27131	11140	1
27131	51726	1
27131	999	1
27131	3916	1
4043	57142	1
4043	4035	1
4043	444	1
192111	29066	1
192111	3304	1
192111	65018	1
4714	773	1
4715	5930	1
4738	29979	1
4738	55611	1
4738	7316	1
4738	7345	1
10397	9796	1
10397	3845	1
10397	1781	1
10397	7430	1
10397	999	1
10397	6252	1
10397	3916	1
6133	8615	1
6133	7415	1
6133	2017	1
6133	23281	1
6133	6122	1
6133	6188	1
6189	6711	1
6189	6648	1
6189	25828	1
6189	4736	1
6189	6194	1
6189	8294	1
6189	8366	1
6189	6208	1
6421	51155	1
6421	7316	1
6421	5879	1
6421	23335	1
6421	70	1
6132	6487	1
6132	5501	1
6132	274	1
6132	6194	1
6853	6622	1
6853	6854	1
7114	71	1
7114	3866	1
7114	310	1
7114	3860	1
7114	11077	1
7114	26993	1
7114	84966	1
8848	7178	1
8848	2	1
8848	55611	1
8848	773	1
8848	23564	1
8848	10681	1
8848	5162	1
8848	6125	1
396	388	1
396	5879	1
396	51569	1
396	22933	1
396	6391	1
10072	3312	1
10072	509	1
55207	11059	1
55207	9551	1
826	5861	1
826	9551	1
1363	6092	1
25874	51660	1
25874	83851	1
8655	11345	1
8655	1780	1
8655	81565	1
8655	1781	1
8655	81488	1
8655	10243	1
8655	9229	1
8655	9454	1
8655	5414	1
8655	4644	1
8655	8537	1
10570	1808	1
10570	70	1
10570	7846	1
5601	2670	1
5601	1499	1
5601	4137	1
5601	1641	1
5601	1487	1
5601	7511	1
4140	2810	1
4140	3845	1
4140	4137	1
4140	23122	1
4140	9181	1
4140	527	1
4140	4133	1
4140	999	1
4140	3916	1
4140	9512	1
2788	4356	1
2788	10681	1
2788	2782	1
2788	2784	1
2788	59345	1
4190	4356	1
4190	2521	1
4190	1129	1
4356	11031	1
4356	7430	1
4356	55327	1
4356	6187	1
4356	6326	1
4356	8825	1
55968	23435	1
55968	5566	1
55968	7415	1
55968	6146	1
55968	1622	1
55968	999	1
55968	8125	1
23435	29979	1
79885	9796	1
4731	9796	1
4731	4723	1
6284	9796	1
23140	9796	1
5861	22924	1
5861	3845	1
5861	999	1
5861	6861	1
5861	6624	1
5861	3916	1
51155	999	1
51155	7846	1
6487	71	1
1314	1315	1
1314	8402	1
29888	1398	1
29888	5518	1
29888	4282	1
29888	29966	1
29888	55917	1
29888	6801	1
29888	5297	1
29888	6141	1
10094	6191	1
10094	80184	1
10094	10097	1
10094	57180	1
10094	4048	1
51660	70	1
10949	3181	1
10949	4000	1
10949	1655	1
10949	3188	1
10949	7203	1
4649	81488	1
1639	5223	1
1639	22924	1
1639	11021	1
1639	10982	1
1639	1780	1
1639	23043	1
1639	4137	1
1639	5870	1
1639	11140	1
1639	1781	1
1639	22919	1
1639	136319	1
1639	23530	1
1639	301	1
1639	10120	1
1639	11004	1
1639	23122	1
1639	166614	1
1639	1410	1
1639	3927	1
1639	2011	1
1639	157922	1
1639	1778	1
1639	9361	1
1639	9181	1
1639	10529	1
1639	3796	1
1639	4133	1
1639	51473	1
1639	4698	1
1639	10102	1
1639	113457	1
1639	10525	1
1639	4218	1
1639	10121	1
1639	115098	1
1639	70	1
1639	5862	1
1639	54862	1
1639	11160	1
1639	10213	1
1639	55201	1
1639	7384	1
1639	51164	1
1639	7278	1
1639	9729	1
1639	830	1
1639	6391	1
1639	3161	1
1639	4676	1
1639	55750	1
1639	9201	1
1639	2232	1
11269	6500	1
23136	6714	1
23136	3845	1
23136	25	1
23136	1398	1
23136	999	1
23136	84966	1
10236	202559	1
10236	4137	1
10236	25	1
10236	1398	1
10236	2193	1
10236	4000	1
10236	11059	1
50861	29979	1
50861	149371	1
50861	57524	1
50861	6855	1
50861	9789	1
5223	8502	1
6092	84152	1
6092	79682	1
22924	10982	1
22924	9659	1
22924	51056	1
22924	22919	1
22924	25828	1
22924	27063	1
11021	3420	1
5867	10640	1
5867	3419	1
5867	6648	1
5867	56850	1
5867	2664	1
5867	2665	1
5867	51143	1
5867	7879	1
4734	11345	1
4734	6531	1
4734	6622	1
4734	6714	1
4734	1020	1
4734	26519	1
4734	25	1
4734	2697	1
4734	7323	1
4734	10458	1
4734	7316	1
4734	4670	1
4734	6331	1
4734	146691	1
4734	23168	1
4734	1983	1
4734	51776	1
4734	4915	1
4734	2011	1
4734	5604	1
4734	156	1
4734	4133	1
4734	2257	1
4734	10067	1
4734	2629	1
4734	6142	1
4734	9693	1
4734	9962	1
6405	7317	1
581	6622	1
581	51100	1
581	5604	1
581	11077	1
581	9927	1
581	291	1
1740	23095	1
1740	57555	1
1740	54413	1
1740	9229	1
1740	2895	1
1740	6202	1
3854	27229	1
3854	3866	1
3854	3860	1
3854	3880	1
8996	140885	1
29979	26071	1
29979	7415	1
29979	7316	1
29979	55739	1
29979	54413	1
29979	7311	1
29979	2556	1
29979	2562	1
29979	2561	1
29979	5479	1
29979	11332	1
29979	6184	1
29979	2912	1
29979	118881	1
29979	51706	1
29979	3099	1
29979	7335	1
29979	2554	1
29979	2555	1
29979	2559	1
29979	51138	1
29979	91662	1
29979	7857	1
29979	6447	1
29979	9861	1
29979	51144	1
29979	55326	1
29979	6233	1
1073	60	1
1073	71	1
1073	11034	1
1073	10486	1
1073	70	1
1073	5862	1
60	71	1
60	11034	1
60	7178	1
60	81565	1
60	6336	1
60	11140	1
60	2	1
60	3312	1
60	10486	1
60	5216	1
60	10131	1
60	4736	1
60	1525	1
60	310	1
60	221184	1
60	23406	1
60	10576	1
60	70	1
60	131034	1
60	22948	1
60	832	1
60	9948	1
60	91662	1
27229	2670	1
27229	3866	1
27229	57144	1
27229	5255	1
10313	57142	1
10313	22908	1
10313	4000	1
10313	5780	1
10313	65009	1
10313	7781	1
10313	9363	1
149371	3866	1
149371	55770	1
149371	23281	1
149371	100287171	1
149371	3880	1
149371	51760	1
149371	51350	1
149371	23623	1
149371	6203	1
5704	10131	1
5704	51495	1
5704	5708	1
5704	5702	1
5704	5705	1
7251	3866	1
7251	7415	1
7251	5501	1
7251	27154	1
7251	2023	1
7251	515	1
7251	10058	1
7251	23513	1
7251	51056	1
7251	51079	1
7251	7316	1
7251	25930	1
7251	100287171	1
7251	3860	1
7251	56904	1
7251	3868	1
7251	11130	1
7251	8495	1
7251	8760	1
10656	202559	1
10656	3183	1
10656	27316	1
10656	5930	1
10656	773	1
10656	2521	1
10656	58155	1
2670	3866	1
2670	11140	1
2670	3860	1
2670	79165	1
2670	3880	1
2670	9852	1
2670	9729	1
71	11034	1
71	23043	1
71	11140	1
71	10486	1
71	28952	1
71	3692	1
71	23406	1
71	10487	1
71	51164	1
140885	3866	1
140885	3845	1
140885	11077	1
140885	999	1
11034	10476	1
56341	10492	1
56341	22832	1
56341	30000	1
202559	27316	1
3866	3853	1
3866	1329	1
3866	1678	1
3866	3856	1
3866	3852	1
3866	3849	1
3866	286887	1
3866	374454	1
3866	338785	1
3866	144501	1
3866	121457	1
3866	319101	1
3866	3880	1
3866	3848	1
3866	5705	1
3866	539	1
3866	9729	1
2810	999	1
2810	9729	1
10900	5912	1
10900	51760	1
10900	8907	1
10900	5911	1
3183	3845	1
3183	3181	1
3183	10992	1
3183	58155	1
3183	5257	1
3183	8907	1
3183	7417	1
3183	27044	1
3183	988	1
11345	140735	1
11345	63893	1
11345	55738	1
11345	5955	1
11345	5906	1
11345	6449	1
11345	23786	1
11345	6187	1
11345	5911	1
140735	1780	1
140735	9229	1
140735	9454	1
140735	5414	1
140735	25780	1
140735	4644	1
2954	7415	1
2954	5501	1
2954	25	1
23157	5413	1
23157	3845	1
23157	1398	1
23157	7430	1
23157	989	1
23157	4735	1
23157	10801	1
23157	55964	1
23157	1783	1
3853	23281	1
3853	4000	1
3853	6449	1
3853	3860	1
3853	3880	1
3853	3868	1
3853	3872	1
3853	83988	1
10982	22919	1
10982	4000	1
10982	25828	1
10982	8573	1
57142	6714	1
57142	25	1
57142	10458	1
57142	4000	1
57142	821	1
57142	83851	1
57142	999	1
57142	9294	1
57142	8775	1
57142	9363	1
1780	1781	1
1780	10726	1
1780	6158	1
1780	10910	1
1780	310	1
1780	989	1
1780	1778	1
1780	2288	1
1780	5202	1
1780	3880	1
1780	10575	1
1780	10694	1
1780	10576	1
1780	10121	1
1780	22948	1
1780	51143	1
1780	8867	1
1780	51164	1
1780	1783	1
1780	83658	1
1780	6950	1
1780	199731	1
1780	7266	1
1780	908	1
27316	29066	1
27316	2521	1
27316	54106	1
27316	378950	1
2752	5930	1
2752	91662	1
2580	8615	1
2580	3312	1
54906	1329	1
54906	3329	1
54906	26086	1
54906	11077	1
54906	9522	1
54906	80823	1
5700	1398	1
5700	5708	1
5700	23770	1
5700	5701	1
10053	5864	1
10053	2	1
10053	9545	1
875	7168	1
4830	29066	1
4830	5879	1
4830	4831	1
4830	30000	1
6717	310	1
8615	999	1
22941	8874	1
22941	6714	1
22941	5530	1
22941	1398	1
22941	2017	1
22941	10458	1
22941	9456	1
22941	22859	1
22941	9229	1
22941	999	1
50944	8874	1
50944	10458	1
50944	9456	1
50944	57555	1
50944	22859	1
50944	7311	1
50944	9229	1
50944	8294	1
50944	8366	1
6531	6622	1
5566	6714	1
5566	4137	1
5566	4155	1
5566	10059	1
5566	1398	1
5566	2571	1
5566	2931	1
5566	2081	1
5566	310	1
5566	3927	1
5566	10672	1
5566	5577	1
5566	2572	1
5566	5144	1
5566	25780	1
5566	65018	1
5566	11214	1
5566	1576	1
5566	523	1
5566	56993	1
7165	3845	1
7165	51100	1
7165	57460	1
7165	999	1
7165	1783	1
50807	9659	1
50807	6714	1
50807	25	1
50807	1398	1
50807	2017	1
50807	7430	1
50807	9181	1
50807	999	1
50807	8853	1
8497	80852	1
8497	80331	1
8497	26059	1
23085	22999	1
23085	5870	1
23085	1781	1
23085	22832	1
23085	999	1
23085	80331	1
23085	11228	1
23085	9662	1
22866	57554	1
22866	23043	1
57554	9454	1
57554	1501	1
57554	999	1
57554	818	1
57554	8502	1
57554	81	1
8874	5582	1
8874	5062	1
8874	4155	1
8874	85358	1
8874	23513	1
8874	10381	1
23095	11315	1
23095	9223	1
23095	5236	1
23095	11261	1
2915	5501	1
2915	9456	1
2915	5578	1
2915	87	1
80852	25	1
80852	1398	1
2902	5578	1
2902	818	1
7415	11315	1
7415	5688	1
7415	10211	1
7415	2931	1
7415	51079	1
7415	25930	1
7415	25932	1
7415	6844	1
7415	22872	1
7415	3094	1
7415	1500	1
7415	9448	1
7415	9927	1
7415	1327	1
7415	10121	1
7415	164	1
7415	10953	1
7415	2746	1
7415	26985	1
7415	25796	1
7415	5707	1
7415	586	1
7415	2767	1
7415	23071	1
7415	23576	1
7415	1783	1
7415	57026	1
7415	55748	1
7415	30	1
7415	521	1
7415	231	1
7415	83658	1
7415	8943	1
54039	58155	1
54039	9782	1
2395	87	1
2395	9512	1
2395	9054	1
5582	10640	1
5582	1499	1
5582	5037	1
5582	4137	1
5582	2697	1
5582	3146	1
5582	6812	1
5582	2931	1
5582	4082	1
5582	3326	1
5582	310	1
5582	80331	1
5582	2566	1
5582	7153	1
10640	1000	1
10640	30000	1
10640	51552	1
10640	382	1
10640	53916	1
10640	57180	1
6285	114569	1
6285	829	1
26355	3326	1
5413	3845	1
5413	989	1
5413	151011	1
5413	4735	1
5413	4656	1
5413	5414	1
5413	55752	1
7178	476	1
7178	5052	1
7178	5930	1
7178	6009	1
7178	3313	1
7178	8864	1
7178	84790	1
6513	8766	1
6622	4067	1
6622	9659	1
6622	6714	1
6622	1509	1
6622	25	1
6622	7316	1
6622	1410	1
6622	80331	1
6622	11076	1
6622	5550	1
6622	2869	1
5062	4067	1
5062	6714	1
5062	4155	1
5062	25	1
5062	2017	1
5062	5879	1
5062	8780	1
5062	999	1
4067	3845	1
4067	2023	1
4067	7316	1
4067	3326	1
4067	3493	1
1499	6714	1
1499	1454	1
1499	3845	1
1499	25	1
1499	2931	1
1499	23513	1
1499	2521	1
1499	3094	1
1499	29966	1
1499	999	1
1499	81	1
1499	9223	1
1499	6500	1
1499	3916	1
1499	7153	1
81565	1020	1
81565	287	1
81565	23281	1
81565	11004	1
81565	288	1
81565	8573	1
81565	80342	1
81565	203068	1
81565	8997	1
81565	4644	1
81565	9662	1
10492	3192	1
10492	6152	1
5160	5162	1
5160	3692	1
5160	5163	1
5160	38	1
5160	5164	1
5160	54704	1
55770	55275	1
476	9131	1
476	3845	1
476	2	1
476	5595	1
476	5578	1
476	501	1
476	481	1
476	94081	1
2195	9454	1
23043	9659	1
23043	6711	1
23043	3845	1
23043	287	1
23043	27445	1
23043	347733	1
23043	1808	1
23043	7430	1
23043	1655	1
23043	1778	1
23043	288	1
23043	547	1
23043	4741	1
23043	1809	1
23043	5701	1
23043	23347	1
23043	22843	1
23043	55689	1
23043	4719	1
23043	3916	1
23043	1783	1
23043	7280	1
23043	9901	1
3799	5479	1
3799	5577	1
3799	11077	1
3799	999	1
3799	3746	1
3799	988	1
3799	9693	1
9659	3845	1
9659	23281	1
9659	22919	1
9659	125	1
9659	5837	1
9659	55697	1
9659	79165	1
9659	54927	1
9659	23526	1
9659	5144	1
9659	8682	1
9659	988	1
8499	5518	1
8499	26059	1
8499	8541	1
8499	8495	1
8499	988	1
6711	6708	1
6711	6709	1
6711	3845	1
6711	6812	1
6711	23236	1
6711	1315	1
6711	157922	1
6711	1384	1
6711	288	1
6711	999	1
6711	131034	1
6711	988	1
6714	3845	1
6714	4137	1
6714	4155	1
6714	23396	1
6714	85358	1
6714	25	1
6714	1398	1
6714	2799	1
6714	6137	1
6714	6237	1
6714	2023	1
6714	2017	1
6714	775	1
6714	22919	1
6714	4035	1
6714	5516	1
6714	229	1
6714	310	1
6714	9229	1
6714	5604	1
6714	23162	1
6714	3098	1
6714	999	1
6714	3099	1
6714	1947	1
6714	5286	1
6714	116987	1
6714	8853	1
6714	79065	1
11315	25	1
11315	6647	1
11315	999	1
11315	6855	1
9131	26519	1
9131	10059	1
9131	9748	1
9131	515	1
9131	51079	1
9131	4513	1
9131	10452	1
9131	7385	1
9131	1329	1
9131	26517	1
9131	26521	1
9131	7295	1
9131	3301	1
9131	4720	1
9131	2744	1
9131	488	1
9131	1678	1
9131	3954	1
9131	54927	1
9131	25813	1
9131	498	1
9131	55735	1
9131	522	1
9131	4698	1
9131	80273	1
9131	4722	1
9131	26993	1
9131	54940	1
9131	3098	1
9131	54205	1
9131	8001	1
9131	10965	1
9131	10469	1
9131	1327	1
9131	10476	1
9131	5245	1
9131	4723	1
9131	506	1
9131	114294	1
9131	509	1
9131	539	1
9131	4976	1
9131	10240	1
9131	9342	1
9131	1537	1
9131	6742	1
9131	2746	1
9131	4728	1
9131	4725	1
9131	4726	1
9131	10651	1
9131	8604	1
9131	10632	1
9131	4716	1
9131	7388	1
9131	1345	1
9131	1340	1
9131	4729	1
9131	4719	1
9131	6389	1
9131	7384	1
9131	2109	1
9131	4702	1
9131	514	1
9131	4704	1
9131	89941	1
9131	84908	1
9131	29920	1
9131	28976	1
9131	56993	1
9131	55210	1
9131	54539	1
9131	29078	1
9131	378	1
9131	3029	1
9131	3336	1
9131	9377	1
9131	9590	1
9131	9868	1
5037	5578	1
5037	5579	1
6708	3845	1
6708	51466	1
6708	25828	1
6708	6710	1
6709	3845	1
6709	85358	1
6709	25	1
6709	51466	1
6709	338	1
6709	57731	1
6709	999	1
6709	153733	1
6709	6139	1
6709	70	1
6709	132001	1
6709	6712	1
6709	8997	1
6709	9321	1
6709	6710	1
1020	4137	1
1020	4155	1
1020	11140	1
1020	55083	1
1020	4915	1
1020	8864	1
1020	4916	1
1020	6164	1
1020	8867	1
1509	4137	1
1509	54413	1
1509	3043	1
6857	57524	1
6857	6844	1
6857	63908	1
6857	80331	1
6857	80777	1
6857	784	1
1454	5501	1
1454	3326	1
1454	5529	1
1454	5528	1
1454	5708	1
1454	10612	1
1454	5187	1
1454	8864	1
1454	199731	1
3845	287	1
3845	801	1
3845	5870	1
3845	2697	1
3845	6845	1
3845	10211	1
3845	9093	1
3845	50488	1
3845	10458	1
3845	23513	1
3845	51079	1
3845	1267	1
3845	4082	1
3845	5910	1
3845	23236	1
3845	10228	1
3845	3107	1
3845	5516	1
3845	11331	1
3845	23191	1
3845	51715	1
3845	2778	1
3845	10970	1
3845	1525	1
3845	6844	1
3845	5532	1
3845	301	1
3845	23646	1
3845	10381	1
3845	118	1
3845	2768	1
3845	989	1
3845	4001	1
3845	23011	1
3845	2011	1
3845	821	1
3845	51062	1
3845	120	1
3845	116841	1
3845	3482	1
3845	1500	1
3845	10652	1
3845	8573	1
3845	8674	1
3845	23786	1
3845	284069	1
3845	54927	1
3845	10801	1
3845	10768	1
3845	5860	1
3845	10938	1
3845	200734	1
3845	255057	1
3845	493856	1
3845	51706	1
3845	9341	1
3845	11311	1
3845	1186	1
3845	10493	1
3845	3098	1
3845	9218	1
3845	9448	1
3845	55847	1
3845	7037	1
3845	6507	1
3845	1947	1
3845	10550	1
3845	112	1
3845	51552	1
3845	10134	1
3845	22852	1
3845	4191	1
3845	2319	1
3845	5333	1
3845	55752	1
3845	6566	1
3845	6520	1
3845	6712	1
3845	2036	1
3845	8502	1
3845	382	1
3845	10067	1
3845	5872	1
3845	9475	1
3845	9522	1
3845	10159	1
3845	6659	1
3845	8495	1
3845	5447	1
3845	115	1
3845	490	1
3845	493	1
3845	682	1
3845	2035	1
3845	5297	1
3845	9066	1
3845	9217	1
3845	9223	1
3845	9230	1
3845	9253	1
3845	25921	1
3845	57498	1
3845	255252	1
3845	55117	1
3845	65108	1
3845	119	1
3845	23603	1
3845	5361	1
3845	11261	1
3845	10160	1
3845	7384	1
3845	56993	1
3845	57609	1
3845	2181	1
3845	81542	1
3845	80777	1
3845	25800	1
3845	26090	1
3845	22979	1
3845	4763	1
3845	84966	1
3845	9789	1
3845	9495	1
3845	55690	1
3845	5064	1
3845	8036	1
3845	8417	1
3845	79643	1
3845	60412	1
3845	9554	1
3845	9854	1
3845	6233	1
3845	9962	1
3845	6533	1
3845	9118	1
3845	8140	1
3845	92675	1
3845	6305	1
3845	6515	1
3845	57446	1
3845	8613	1
3845	57553	1
3845	56255	1
3845	4756	1
3845	84293	1
26519	26520	1
4137	5501	1
4137	5515	1
4137	25	1
4137	274	1
4137	2931	1
4137	5595	1
4137	55611	1
4137	5581	1
4137	3312	1
4137	5602	1
4137	5516	1
4137	5578	1
4137	3326	1
4137	7430	1
4137	5579	1
4137	10381	1
4137	5500	1
4137	2011	1
4137	9181	1
4137	5536	1
4137	3304	1
4137	7846	1
4137	203068	1
4137	5520	1
4137	8473	1
4137	84446	1
4137	9520	1
5501	85358	1
5501	2931	1
5501	3837	1
5501	53826	1
5501	23191	1
5501	5202	1
5501	9448	1
5501	6122	1
5501	55296	1
5501	116143	1
5501	6500	1
5501	55210	1
5501	6129	1
5501	84687	1
5501	5510	1
4155	25	1
4155	801	1
4155	2017	1
4155	5595	1
4155	5578	1
4155	5579	1
4155	5604	1
4155	4355	1
4155	27347	1
23396	999	1
85358	25	1
85358	1398	1
85358	9456	1
85358	1399	1
85358	57555	1
85358	22859	1
85358	9229	1
85358	54927	1
5530	25	1
5530	775	1
5530	3927	1
5530	30818	1
5530	5478	1
5530	5534	1
5530	2566	1
5530	8867	1
5530	9495	1
5515	5595	1
5515	4627	1
5515	5837	1
5515	5518	1
5515	5528	1
5515	5536	1
5515	55697	1
5515	5526	1
5515	51400	1
5515	5520	1
5688	25	1
5688	274	1
5688	9852	1
5688	5534	1
7001	11140	1
7001	2	1
7001	7316	1
7001	10549	1
7001	54413	1
7001	7295	1
7001	762	1
5052	25	1
5052	7316	1
5052	10549	1
5052	128	1
5052	7295	1
5052	999	1
26060	274	1
26060	63893	1
26060	6009	1
26060	27063	1
26060	5868	1
26060	3916	1
26060	56896	1
10059	23513	1
10059	4259	1
10059	70	1
10059	51024	1
10059	65018	1
10059	79594	1
10059	56993	1
10059	9804	1
10059	84987	1
10059	94081	1
10059	55848	1
10059	29106	1
10787	23191	1
10787	7430	1
10787	70	1
10787	3916	1
25	23114	1
25	23230	1
25	22999	1
25	1271	1
25	1398	1
25	2799	1
25	2550	1
25	27154	1
25	2571	1
25	1399	1
25	7316	1
25	3326	1
25	9229	1
25	80725	1
25	9054	1
25	8506	1
25	675	1
25	987	1
23114	1398	1
23230	56993	1
23230	9804	1
22999	774	1
22999	773	1
22999	10497	1
1271	1398	1
1398	6237	1
1398	2550	1
1398	2098	1
1398	4000	1
1398	9229	1
1398	3927	1
1398	55697	1
1398	999	1
1398	3791	1
1398	7514	1
1398	5478	1
1398	8495	1
1398	55748	1
1398	8506	1
1398	18	1
1398	56145	1
1398	8853	1
1398	6000	1
1398	84932	1
1398	84790	1
6137	310	1
6137	27063	1
6137	6194	1
6237	5910	1
2550	2775	1
2550	9568	1
2571	5581	1
2571	114569	1
287	7430	1
287	57731	1
287	8301	1
287	30845	1
287	3006	1
287	6326	1
287	84557	1
26275	3329	1
26275	5163	1
274	6812	1
274	23347	1
274	55689	1
274	53917	1
801	817	1
801	775	1
801	6331	1
801	4082	1
801	773	1
801	3921	1
801	27130	1
801	814	1
801	23770	1
801	816	1
801	7137	1
801	818	1
801	5339	1
801	3780	1
801	6326	1
801	4900	1
801	2596	1
801	4644	1
801	490	1
1737	8050	1
1737	5162	1
1737	3329	1
1737	5163	1
1737	94081	1
1737	5164	1
5692	5578	1
9648	5870	1
9648	6184	1
9648	988	1
5870	2665	1
5870	23322	1
5870	56993	1
5870	8766	1
5870	7879	1
10844	1803	1
10844	10426	1
9748	3313	1
9748	999	1
10808	3312	1
10808	118	1
10808	7846	1
10808	27347	1
10808	7317	1
10808	51164	1
10808	83658	1
10808	5230	1
2023	3312	1
2023	29066	1
2023	226	1
2023	3326	1
2023	5529	1
2023	999	1
2023	3099	1
2023	43	1
2023	84263	1
10963	817	1
10963	3312	1
10963	3326	1
10963	10681	1
10963	5708	1
10963	2781	1
10963	2782	1
10963	5875	1
10963	91662	1
2017	22919	1
2017	4000	1
2017	100287171	1
2017	999	1
2017	70	1
2017	2022	1
2017	3737	1
8675	8674	1
8675	63908	1
8675	2054	1
8675	11311	1
8675	57460	1
8675	9342	1
8675	3916	1
9378	57502	1
9378	57555	1
9378	8573	1
817	3312	1
817	6331	1
817	6191	1
817	10810	1
817	3326	1
817	30000	1
817	816	1
817	4133	1
817	818	1
3181	3182	1
3181	4670	1
3181	4000	1
3181	220988	1
3181	51112	1
3181	489	1
6336	11140	1
6336	1781	1
6336	2697	1
6336	7846	1
11140	2	1
11140	10724	1
11140	5567	1
11140	5589	1
11140	3326	1
11140	56850	1
11140	57731	1
11140	5518	1
11140	269	1
11140	1428	1
11140	9361	1
11140	5536	1
11140	2288	1
11140	156	1
11140	9454	1
11140	54550	1
11140	8522	1
11140	816	1
11140	92840	1
11140	55964	1
11140	11077	1
11140	51350	1
11140	818	1
11140	3337	1
11140	65018	1
11140	54862	1
11140	91662	1
11140	5891	1
11140	80823	1
1781	6158	1
1781	3326	1
1781	8050	1
1781	3301	1
1781	10120	1
1781	1778	1
1781	10294	1
1781	5202	1
1781	51699	1
1781	5257	1
1781	54550	1
1781	3880	1
1781	501	1
1781	10469	1
1781	6813	1
1781	10694	1
1781	10576	1
1781	10121	1
1781	22948	1
1781	51143	1
1781	10213	1
1781	4726	1
1781	51164	1
1781	10693	1
1781	1783	1
1781	1666	1
1781	83658	1
1781	55707	1
1781	5481	1
1781	84790	1
1781	55326	1
1781	908	1
1781	353	1
2697	5578	1
2697	5579	1
2697	3916	1
6845	9342	1
6845	8943	1
5864	2	1
5864	5876	1
3146	5578	1
3146	7295	1
3146	5579	1
3146	708	1
3146	718	1
3146	6206	1
6812	5910	1
6812	5578	1
6812	87	1
6812	5579	1
6812	112755	1
6812	2054	1
6812	25851	1
6812	399687	1
6812	4976	1
6812	55832	1
6812	6207	1
6812	6712	1
6812	8997	1
10211	27445	1
10211	1329	1
10211	29922	1
10211	821	1
10211	999	1
10211	2319	1
2931	5578	1
2931	3326	1
2931	5579	1
2931	1500	1
2029	5911	1
2	6009	1
2	10724	1
2	126003	1
2	4035	1
2	2193	1
2	310	1
2	10376	1
2	9361	1
2	115704	1
2	51024	1
2	3337	1
2	23154	1
2	5908	1
2	93185	1
1337	56925	1
1892	3329	1
1892	5163	1
1892	7317	1
2271	30000	1
2271	23322	1
9093	3313	1
9093	55170	1
9093	10498	1
9093	3329	1
9093	91662	1
5595	5213	1
5595	23513	1
5595	5604	1
5595	4656	1
5595	6720	1
5595	8682	1
5595	708	1
5595	7343	1
5595	80727	1
5213	7316	1
5213	5211	1
5930	8573	1
5930	70	1
5930	975	1
5930	830	1
5930	6208	1
7323	51255	1
7323	6158	1
7323	51283	1
7323	55611	1
7323	115992	1
7323	51127	1
7323	112401	1
7323	7316	1
7323	7311	1
7323	8864	1
7323	7846	1
7323	51569	1
7323	23285	1
7323	7317	1
7323	79594	1
7323	7511	1
7323	93664	1
7323	8036	1
51255	7316	1
50488	3326	1
50488	999	1
50488	5911	1
1973	29066	1
1973	7458	1
10726	51127	1
10726	10681	1
10726	5536	1
10726	10294	1
10726	5875	1
10726	999	1
10726	79902	1
10726	59345	1
10458	5879	1
10458	2011	1
10458	999	1
10458	70	1
10458	9045	1
10458	9223	1
10458	3916	1
10458	8936	1
57524	8573	1
57524	5414	1
515	3329	1
515	498	1
515	5163	1
515	10476	1
515	9804	1
23513	3312	1
23513	5578	1
23513	87	1
23513	7430	1
23513	1501	1
23513	999	1
23513	114786	1
23513	8502	1
23513	81	1
23513	490	1
23513	3916	1
23513	491	1
23513	8671	1
23513	25824	1
51079	3329	1
51079	1327	1
51079	84987	1
51079	94081	1
6158	6194	1
6158	6124	1
6158	51164	1
51283	7316	1
55611	7316	1
55611	301	1
55611	310	1
3182	63893	1
3182	58155	1
6201	63893	1
6201	11059	1
6201	6207	1
6201	51143	1
6201	1783	1
63893	7316	1
63893	221184	1
63893	7311	1
63893	1327	1
63893	70	1
63893	131034	1
115992	9782	1
51127	7316	1
51127	10910	1
51127	3326	1
112401	30000	1
112401	7335	1
9456	9454	1
3778	1399	1
3778	9230	1
1399	6160	1
1399	4000	1
1399	999	1
1399	8495	1
57030	80331	1
23281	1641	1
23281	164592	1
23281	25828	1
23281	2950	1
23281	81892	1
23281	114971	1
23281	140606	1
23281	79165	1
23281	547	1
23281	463	1
23281	146705	1
23281	51350	1
23281	79169	1
23281	90799	1
23281	539	1
23281	51164	1
23281	988	1
23281	784	1
23281	5908	1
23281	284439	1
775	784	1
6009	23770	1
22919	1540	1
22919	1832	1
22919	4035	1
22919	9181	1
22919	8573	1
22919	10801	1
22919	999	1
22919	55755	1
22919	5427	1
5581	4082	1
5581	1832	1
5581	3326	1
5581	11033	1
5581	2768	1
5581	2011	1
5581	10672	1
5581	2572	1
5581	9448	1
5581	25780	1
5581	2596	1
5581	7416	1
7316	1540	1
7316	3312	1
7316	5879	1
7316	10131	1
7316	3939	1
7316	9588	1
7316	11059	1
7316	2950	1
7316	3945	1
7316	54472	1
7316	999	1
7316	5095	1
7316	5214	1
7316	5091	1
7316	55832	1
7316	47	1
7316	56899	1
7316	65018	1
7316	7317	1
7316	6923	1
7316	1938	1
7316	79594	1
7316	5110	1
7316	57175	1
7316	56922	1
7316	5096	1
7316	57448	1
7316	6950	1
7316	7345	1
7316	8078	1
7316	8239	1
7316	9559	1
1540	4000	1
1540	7430	1
1540	9662	1
1540	9804	1
10910	3326	1
10910	6194	1
10910	2288	1
10910	10672	1
10910	5875	1
10910	6500	1
10910	83658	1
10910	91662	1
10910	136332	1
10910	8036	1
388	26227	1
388	4831	1
388	11113	1
1267	7846	1
1267	3916	1
81488	5701	1
81488	6130	1
81488	53904	1
81488	27089	1
81488	23322	1
3312	9181	1
3312	6449	1
3312	55735	1
3312	3831	1
3312	999	1
3312	3308	1
3312	1211	1
3312	3337	1
3312	25814	1
3312	224	1
3312	832	1
3312	26999	1
3312	3305	1
3312	7266	1
3312	83889	1
3837	5901	1
3837	4000	1
3837	5500	1
3837	79902	1
4670	6129	1
4670	988	1
4670	8239	1
4670	79954	1
57555	9223	1
5901	29066	1
5901	30000	1
5901	8294	1
5901	8366	1
5901	999	1
5901	7514	1
5901	57510	1
5901	5902	1
5901	6129	1
6331	1410	1
6331	2257	1
4082	5578	1
4082	5579	1
4082	999	1
4082	94081	1
10243	37	1
10243	2556	1
10243	23380	1
10243	70	1
10724	7430	1
10724	8473	1
126003	27095	1
126003	5339	1
126003	7109	1
126003	3916	1
57144	79165	1
57144	23549	1
57144	11099	1
57144	8907	1
5910	5879	1
5910	5906	1
5910	821	1
5910	5912	1
5910	54769	1
5910	148252	1
5910	51560	1
5910	8448	1
9349	6125	1
25930	128866	1
55083	9448	1
136319	80184	1
136319	9662	1
26153	5602	1
5602	3939	1
5602	80184	1
5602	23162	1
29066	1315	1
29066	11331	1
29066	3939	1
29066	488	1
29066	10576	1
29066	509	1
29066	55832	1
29066	22948	1
29066	54862	1
29066	94081	1
29066	7203	1
29066	5832	1
29066	6233	1
23236	1487	1
23236	2776	1
23236	11331	1
23236	3916	1
1832	3848	1
1832	8502	1
5879	4627	1
5879	1620	1
5879	55170	1
5879	116986	1
5879	9223	1
5879	5291	1
4627	999	1
4627	115098	1
4509	9693	1
146691	54472	1
10486	70	1
10486	10487	1
4513	54413	1
4513	10247	1
4513	1327	1
4513	84987	1
4513	94081	1
4628	5714	1
4628	1327	1
4628	70	1
4628	525	1
4628	79180	1
55177	2054	1
55177	5354	1
55177	9341	1
55177	9218	1
55177	7037	1
55177	56993	1
55177	9804	1
11346	87	1
11346	988	1
773	226	1
773	3339	1
773	4035	1
773	22859	1
773	4147	1
773	6160	1
773	7385	1
773	347733	1
773	7102	1
773	87	1
773	2782	1
773	8997	1
10549	10130	1
10549	338	1
10130	51726	1
10452	4259	1
10452	55848	1
27445	9554	1
10992	8573	1
10992	70	1
23168	4000	1
23168	70	1
23168	2022	1
1786	8294	1
1786	8366	1
5216	999	1
5216	70	1
226	229	1
226	1410	1
226	999	1
226	22843	1
226	230	1
3339	3791	1
4035	56899	1
4035	54862	1
4035	6328	1
4035	55333	1
6160	6194	1
6160	3006	1
7385	1329	1
7385	1327	1
347733	310	1
347733	79682	1
7102	4000	1
7102	1129	1
7102	111	1
10728	3326	1
10728	9601	1
10728	80184	1
3417	999	1
10228	4000	1
10228	63908	1
10228	2054	1
10228	80331	1
1329	3329	1
1329	5163	1
1329	1327	1
1329	493	1
1329	84987	1
1641	8239	1
1808	1809	1
1808	7846	1
1808	56896	1
164592	11077	1
55739	6449	1
162	4915	1
162	8907	1
162	60314	1
162	25977	1
162	164	1
2773	479	1
2773	4924	1
2773	4925	1
2773	2782	1
2773	5577	1
2773	1901	1
2773	59345	1
2773	22821	1
3921	37	1
479	5479	1
6191	6194	1
1487	4831	1
1983	4000	1
1983	27063	1
1983	999	1
1983	4900	1
2776	6000	1
2776	5538	1
2938	5516	1
3107	999	1
3107	3916	1
3107	91662	1
3419	5163	1
4831	2782	1
4831	5868	1
53826	4000	1
53826	4259	1
53826	54940	1
53826	722	1
53826	55530	1
5516	5518	1
5516	5520	1
5567	55738	1
5567	3326	1
5567	6194	1
5578	11331	1
5578	22908	1
5578	3326	1
5578	310	1
5578	118	1
5578	4001	1
5578	5339	1
5578	3006	1
5578	3007	1
5578	3008	1
5578	3010	1
5578	1576	1
5578	7153	1
5589	6194	1
5589	5479	1
5589	1327	1
5589	55848	1
5589	988	1
1000	8502	1
1000	3916	1
10131	3313	1
10131	7170	1
10131	65018	1
10383	999	1
10383	7857	1
11331	54940	1
11331	54205	1
11331	5245	1
11331	3710	1
11331	7005	1
11331	9162	1
1653	29922	1
1653	70	1
2193	5708	1
2193	92344	1
2193	10056	1
22908	4000	1
22908	51075	1
23191	7430	1
23191	51495	1
23191	5708	1
23191	2782	1
23191	70	1
23521	6194	1
23521	6156	1
23521	9868	1
25932	3326	1
26517	4259	1
26517	5163	1
26517	1327	1
26517	84987	1
26517	94081	1
26517	55848	1
26517	8462	1
54413	2280	1
54413	5660	1
54413	10965	1
54413	55201	1
54413	7384	1
54413	6748	1
55161	7846	1
55161	6208	1
55738	51715	1
55738	338	1
55738	7430	1
55738	10959	1
55738	6135	1
55738	1783	1
55738	9910	1
37	3329	1
37	5163	1
87	7295	1
87	8050	1
87	27063	1
87	9852	1
87	7846	1
87	9253	1
229	25828	1
2521	4000	1
2521	5339	1
2521	70	1
2770	4924	1
2770	2782	1
2770	1901	1
2770	54331	1
2770	59345	1
2778	4924	1
2778	4925	1
2778	2782	1
2879	9588	1
2879	5479	1
3313	55082	1
3313	3329	1
3313	10652	1
3313	3708	1
3313	80273	1
3313	7514	1
3313	257218	1
3326	5579	1
3326	10681	1
3326	814	1
3326	11059	1
3326	4915	1
3326	269	1
3326	166614	1
3326	2047	1
3326	225689	1
3326	5536	1
3326	6449	1
3326	2774	1
3326	2288	1
3326	23770	1
3326	4128	1
3326	816	1
3326	9448	1
3326	999	1
3326	818	1
3326	4916	1
3326	65018	1
3326	6720	1
3326	79902	1
3326	6000	1
3326	91662	1
3326	79012	1
3326	3742	1
3326	3959	1
3418	5836	1
3939	3945	1
3939	999	1
3939	2775	1
3937	4000	1
3937	3856	1
4000	6844	1
4000	11333	1
4000	5837	1
4000	4001	1
4000	128866	1
4000	10652	1
4000	11332	1
4000	8674	1
4000	6843	1
4000	527	1
4000	2912	1
4000	5780	1
4000	92840	1
4000	5354	1
4000	80273	1
4000	493856	1
4000	4259	1
4000	6856	1
4000	157378	1
4000	8834	1
4000	9341	1
4000	1186	1
4000	9218	1
4000	7037	1
4000	7781	1
4000	23347	1
4000	309	1
4000	6252	1
4000	2022	1
4000	975	1
4000	6720	1
4000	348110	1
4000	224	1
4000	10159	1
4000	5110	1
4000	9217	1
4000	11343	1
4000	3029	1
4000	2181	1
4000	23256	1
4000	80777	1
4000	84987	1
4000	708	1
4000	79902	1
4000	7153	1
4000	8760	1
4000	92140	1
4000	8417	1
4000	9554	1
4000	9145	1
4000	91663	1
4000	6505	1
4000	9694	1
4000	8467	1
4924	7514	1
4925	444	1
4925	7514	1
5869	23322	1
5869	5291	1
5869	7879	1
5955	51495	1
5955	7514	1
6648	91662	1
7430	23380	1
7430	120	1
7430	288	1
7430	1500	1
7430	8573	1
7430	56904	1
7430	10056	1
7430	9448	1
7430	999	1
7430	9368	1
7430	55327	1
7430	160	1
7430	10469	1
7430	22884	1
7430	115098	1
7430	70	1
7430	2036	1
7430	7402	1
7430	58485	1
7430	7109	1
7430	22933	1
7430	2035	1
7430	9253	1
7430	26999	1
7430	5357	1
7430	57482	1
7430	57609	1
7430	23382	1
7430	83696	1
7430	6645	1
7430	84687	1
7430	9590	1
7430	987	1
9588	2950	1
9588	5714	1
9588	999	1
9961	10970	1
9961	23530	1
9961	55697	1
9961	816	1
9961	54472	1
9961	2319	1
10970	821	1
10970	4713	1
10970	1327	1
10970	3006	1
10970	56993	1
10970	3916	1
10970	84987	1
10970	387712	1
23530	3329	1
23530	23322	1
25828	92840	1
25828	80823	1
26521	3032	1
26521	1327	1
26521	84987	1
26521	94081	1
26521	55848	1
29922	22832	1
29922	80184	1
29922	146705	1
29922	9448	1
29922	9662	1
29922	23322	1
29922	83659	1
51776	23564	1
51776	26276	1
56850	9601	1
56850	146705	1
56850	84289	1
4736	6194	1
4736	6135	1
7295	70	1
7295	1277	1
7295	81	1
8050	1738	1
8050	5163	1
5579	310	1
5579	2768	1
5579	4001	1
5579	10672	1
5579	3692	1
5579	25780	1
5579	2596	1
5579	7153	1
10972	10959	1
1525	999	1
257194	4045	1
257194	50863	1
257194	402665	1
4045	50863	1
50863	84894	1
6844	8301	1
6844	112755	1
6844	2054	1
6844	11112	1
6844	57460	1
6844	57709	1
6844	10815	1
6844	80331	1
6844	6855	1
6844	9342	1
6844	3916	1
4637	5500	1
5532	5534	1
301	999	1
310	221184	1
310	1508	1
310	23564	1
310	10681	1
310	3032	1
310	23646	1
310	10381	1
310	5162	1
310	506	1
310	6187	1
310	7846	1
310	523	1
221184	5536	1
1508	999	1
1508	23322	1
1508	3043	1
23564	51726	1
23564	55697	1
23564	481	1
23564	5908	1
10681	5708	1
10681	5202	1
10681	2785	1
10681	2786	1
10681	54331	1
10681	7266	1
3032	6194	1
3032	3329	1
3032	3030	1
23646	11059	1
23646	6659	1
10381	10376	1
10381	7846	1
1397	481	1
3301	3155	1
3301	7846	1
3301	94081	1
3301	617	1
10120	8766	1
10120	51164	1
118	11077	1
118	999	1
118	70	1
118	3916	1
2745	2806	1
1622	5202	1
1622	8508	1
2823	51025	1
10857	821	1
10857	3916	1
10857	51025	1
10857	79682	1
4720	3329	1
4720	5163	1
4720	1327	1
4720	84987	1
4720	94081	1
4720	79682	1
23654	79682	1
57731	79682	1
5162	5163	1
5162	5908	1
3925	4735	1
3925	818	1
6125	5500	1
6125	6194	1
6125	1984	1
10426	51495	1
7311	23380	1
7311	8294	1
7311	8366	1
7311	3008	1
7311	1767	1
26276	3916	1
26276	8417	1
2768	5518	1
814	22843	1
5500	54927	1
5500	5510	1
989	151011	1
989	10801	1
989	999	1
989	23347	1
989	70	1
989	55752	1
989	51143	1
11333	999	1
51100	2950	1
51100	114569	1
51100	56904	1
51100	999	1
51100	6855	1
51100	9143	1
51100	5876	1
8301	288	1
8301	9341	1
8301	999	1
10128	27063	1
10128	81892	1
10128	3329	1
10128	5163	1
10128	55201	1
27063	9172	1
4625	9172	1
9172	6194	1
9172	22872	1
6194	488	1
6194	6135	1
6194	3692	1
6194	80273	1
6194	26993	1
6194	6130	1
6194	3030	1
6194	6124	1
6194	6128	1
6194	114294	1
6194	6576	1
6194	6156	1
6194	10514	1
6194	6139	1
6194	6122	1
6194	6207	1
6194	6181	1
6194	10240	1
6194	7745	1
6194	9045	1
6194	378	1
6194	3029	1
6194	57109	1
6194	6143	1
6194	6141	1
6194	6175	1
6194	6129	1
6194	6142	1
6194	56922	1
6194	6208	1
6194	6202	1
6194	6229	1
6194	79954	1
6194	6203	1
6194	9875	1
6194	6228	1
6194	8568	1
23122	5837	1
2631	5837	1
2631	3329	1
5837	11059	1
5837	5834	1
5837	5836	1
11059	6135	1
11059	9782	1
11059	27044	1
11059	25814	1
11059	6233	1
11059	55361	1
11059	6134	1
4001	57821	1
128866	999	1
128866	54862	1
128866	79643	1
1152	5518	1
114569	5780	1
114569	326624	1
114569	65009	1
114569	60314	1
114569	2572	1
114569	203068	1
114569	80222	1
114569	8803	1
4915	7345	1
4915	57537	1
1655	3188	1
1655	91662	1
26986	55170	1
26986	64324	1
55082	999	1
58155	9782	1
3188	55170	1
3188	11077	1
3188	83659	1
81892	3329	1
81892	4706	1
81892	5163	1
2744	3329	1
2744	5163	1
2744	1327	1
2744	7846	1
2744	25814	1
2744	84987	1
2744	94081	1
5519	5529	1
5519	5528	1
5519	5520	1
5518	5529	1
5518	5528	1
5518	29966	1
5518	47	1
5518	5526	1
5518	55917	1
5518	6801	1
5518	51400	1
5518	8541	1
5518	5520	1
23011	7846	1
23011	83658	1
100287171	7170	1
100287171	11077	1
100287171	51350	1
100287171	7168	1
100287171	23325	1
8659	5163	1
10890	2664	1
10890	2665	1
10890	115704	1
10890	999	1
10890	83452	1
10890	3916	1
10890	54734	1
2562	708	1
2561	2566	1
2561	708	1
269	51495	1
3295	7846	1
5528	9181	1
5528	784	1
1410	11332	1
1410	30000	1
1410	5660	1
1410	3916	1
3094	79869	1
3927	821	1
3927	55697	1
3927	55964	1
3927	999	1
55170	586	1
55170	9729	1
55170	9901	1
22832	157922	1
22832	80184	1
22832	131034	1
22832	25814	1
22832	54862	1
22832	9662	1
22832	85379	1
22832	23322	1
22832	29920	1
22832	57662	1
2280	3708	1
2280	6203	1
2011	9181	1
2011	8573	1
2011	999	1
2011	7402	1
2011	65018	1
2011	3916	1
5906	11069	1
5906	9693	1
10376	7846	1
9601	5479	1
9601	4259	1
9601	1327	1
9601	56954	1
9601	3006	1
9601	3916	1
9601	84987	1
9601	55848	1
821	157922	1
821	3482	1
821	10652	1
821	6184	1
821	10768	1
821	1727	1
821	9218	1
821	10525	1
821	10134	1
821	22852	1
821	23406	1
821	53904	1
821	509	1
821	401024	1
821	3703	1
821	27044	1
821	115098	1
821	118987	1
821	1465	1
821	9342	1
821	382	1
821	224	1
821	10159	1
821	115	1
821	490	1
821	682	1
821	9217	1
821	55117	1
821	11261	1
821	537	1
821	64423	1
821	57655	1
821	2181	1
821	6185	1
821	1650	1
821	10409	1
821	23256	1
821	57109	1
821	81542	1
821	10314	1
821	9789	1
821	8775	1
821	92140	1
821	9554	1
821	9296	1
821	9694	1
821	9352	1
51726	56886	1
51726	7184	1
51726	3916	1
5479	6449	1
5479	3310	1
5479	7184	1
5479	23406	1
5479	257218	1
5479	10908	1
5479	811	1
157922	9181	1
157922	203068	1
157922	9662	1
23380	999	1
120	999	1
120	70	1
120	3916	1
1778	51143	1
1778	23322	1
1778	1783	1
5604	999	1
1012	3161	1
9361	3329	1
9361	5163	1
9361	23322	1
9181	55201	1
9181	9201	1
5536	5708	1
5536	488	1
5536	1384	1
5536	816	1
5536	5875	1
5536	91662	1
51495	5708	1
51495	150	1
51495	2774	1
51495	2288	1
51495	4129	1
51495	5875	1
51495	7514	1
51495	91662	1
5708	6449	1
5708	150	1
5708	2781	1
5708	2782	1
5708	23770	1
5708	4128	1
5708	5701	1
5708	8943	1
5708	91662	1
5708	7266	1
5708	5709	1
6449	6184	1
6449	53822	1
6449	8266	1
6449	51706	1
6449	56111	1
6449	7037	1
6449	91662	1
10294	55466	1
10294	94081	1
150	2782	1
150	2775	1
150	7345	1
150	54331	1
488	54106	1
488	8671	1
2782	2785	1
2782	55697	1
2782	112	1
2782	111	1
2782	2786	1
2782	25814	1
2782	117	1
2782	54331	1
23770	4259	1
23770	56993	1
23770	81542	1
23770	9804	1
4128	4129	1
55466	70	1
112755	116841	1
112755	6843	1
112755	63908	1
112755	2054	1
112755	7920	1
112755	10497	1
112755	9342	1
2785	2784	1
2785	59345	1
10439	9342	1
116841	4259	1
116841	9804	1
156	30818	1
156	203068	1
156	2784	1
288	999	1
288	5339	1
288	7203	1
288	8546	1
3329	3954	1
3329	23424	1
3329	4741	1
3329	522	1
3329	4698	1
3329	10102	1
3329	4722	1
3329	51067	1
3329	3791	1
3329	10965	1
3329	10469	1
3329	1327	1
3329	3030	1
3329	10476	1
3329	1431	1
3329	10455	1
3329	4191	1
3329	2266	1
3329	4723	1
3329	506	1
3329	509	1
3329	539	1
3329	3033	1
3329	10240	1
3329	6742	1
3329	7402	1
3329	38	1
3329	2746	1
3329	4728	1
3329	4725	1
3329	4726	1
3329	4729	1
3329	4719	1
3329	6389	1
3329	2109	1
3329	4702	1
3329	4704	1
3329	29920	1
3329	28976	1
3329	29078	1
3329	3029	1
3329	3336	1
3329	205	1
3329	219	1
3329	1632	1
3329	10449	1
3329	117145	1
3329	23597	1
3329	4724	1
3329	4695	1
3329	3420	1
3329	374291	1
3329	4942	1
3329	5019	1
3329	4967	1
3329	50808	1
3329	51081	1
3329	94081	1
3329	8802	1
3329	55512	1
3329	9512	1
3329	9054	1
3329	617	1
3329	8508	1
3329	80222	1
3329	5832	1
3329	8803	1
3329	4705	1
3329	341883	1
3329	8473	1
3329	84263	1
3329	760	1
3329	6390	1
3329	594	1
3329	55245	1
3329	55967	1
3329	51373	1
51699	55737	1
51699	9559	1
55737	3482	1
55737	112936	1
55737	9559	1
3482	57460	1
3482	999	1
3482	3006	1
3482	5868	1
3482	3916	1
3482	6143	1
3482	1783	1
1500	6647	1
1500	999	1
1500	9662	1
1500	3916	1
10652	999	1
10652	3916	1
10652	9804	1
10652	84987	1
10652	5876	1
11332	816	1
30000	816	1
30000	818	1
8573	3796	1
8573	80331	1
8573	3916	1
8573	8825	1
4355	55327	1
4355	8825	1
5577	56993	1
5577	9804	1
5577	9495	1
5577	9465	1
1678	1327	1
1678	84987	1
1678	94081	1
1678	55848	1
28952	131034	1
8674	23786	1
8674	8907	1
8674	493856	1
8674	51075	1
8674	4259	1
8674	1727	1
8674	127833	1
8674	80331	1
8674	7155	1
8674	9342	1
23786	5354	1
23786	4259	1
23786	9341	1
23786	56993	1
23786	9804	1
23786	84987	1
10529	9454	1
10529	999	1
3954	5163	1
3954	84987	1
3954	94081	1
3954	811	1
6184	3703	1
3856	3860	1
3856	3880	1
3856	3868	1
3856	5339	1
3856	3710	1
3856	3872	1
3856	8546	1
3856	57486	1
3856	60684	1
5834	5836	1
127829	7388	1
3852	3880	1
3852	3868	1
3860	3849	1
3860	286887	1
3860	338785	1
3860	3848	1
3860	539	1
6843	51075	1
6843	1727	1
6843	80331	1
6843	9342	1
11151	91662	1
3849	3880	1
3849	3868	1
286887	3880	1
286887	3868	1
286887	5339	1
5912	816	1
6135	816	1
374454	3880	1
374454	3872	1
2912	4259	1
2912	1727	1
55697	3692	1
55697	4706	1
55697	883	1
338785	3880	1
338785	115704	1
338785	3868	1
5780	92840	1
5780	522	1
5780	51075	1
5780	92344	1
5780	6855	1
5780	9522	1
144501	3880	1
144501	3868	1
121457	7170	1
121457	4656	1
79869	9852	1
79869	70	1
319101	3868	1
9454	5705	1
284069	816	1
140606	3336	1
11069	89927	1
11069	5911	1
11069	5908	1
5257	816	1
326624	5868	1
326624	5876	1
54550	79165	1
79165	3880	1
79165	146705	1
4735	10801	1
4735	999	1
63908	2054	1
63908	493856	1
63908	127833	1
63908	9342	1
54927	25813	1
54927	4259	1
54927	1327	1
54927	1182	1
54927	56993	1
54927	9804	1
54927	84987	1
54927	94081	1
54927	84303	1
54927	55848	1
25813	1327	1
25813	56993	1
25813	84987	1
25813	94081	1
25813	84303	1
25813	55848	1
10801	11077	1
10801	999	1
10801	70	1
10801	55752	1
10801	51143	1
10801	5291	1
80342	255057	1
80342	57017	1
80342	92344	1
80342	91662	1
498	522	1
498	3791	1
498	4191	1
498	506	1
498	539	1
498	6326	1
4282	80184	1
10768	3310	1
3945	535	1
3880	3848	1
3880	83658	1
3880	51138	1
2539	3006	1
5702	4706	1
5702	1159	1
5702	548596	1
5702	5705	1
528	535	1
9782	84251	1
8514	3737	1
816	818	1
816	81	1
7170	5705	1
9852	11077	1
9852	3868	1
26086	65108	1
92840	65009	1
92840	522	1
92840	60314	1
92840	83851	1
80007	11077	1
55964	3692	1
1901	9294	1
3708	5339	1
3708	2036	1
3708	7416	1
3708	767	1
4656	23005	1
65009	522	1
65009	10814	1
65009	6855	1
65009	9143	1
65009	9522	1
65009	9145	1
56904	999	1
10938	30845	1
10938	999	1
10938	9342	1
10938	3916	1
30845	9342	1
80184	1727	1
80184	10134	1
80184	5862	1
80184	9512	1
80184	8125	1
80184	988	1
4133	51144	1
5756	999	1
5756	70	1
10612	4645	1
10612	81	1
11077	146705	1
11077	79169	1
11077	23526	1
11077	7869	1
11077	6529	1
11077	56899	1
11077	55917	1
11077	57109	1
11077	57662	1
11077	9729	1
11077	8936	1
11077	8831	1
11077	9060	1
11077	92815	1
6627	70	1
146705	8907	1
146705	3208	1
146705	80823	1
146705	27430	1
2054	9341	1
2054	9342	1
2054	9515	1
2054	8417	1
2054	9554	1
3692	6128	1
3692	23	1
3692	10240	1
3692	7466	1
5354	4259	1
5354	10493	1
5354	91663	1
8266	8864	1
115704	8907	1
5836	23322	1
5836	9209	1
7458	999	1
55735	4259	1
55735	1327	1
55735	84987	1
55735	94081	1
55735	55848	1
55735	56925	1
30818	444	1
1809	70	1
1809	7846	1
1809	56896	1
51473	60314	1
51473	54472	1
51473	84072	1
23005	448834	1
51350	3868	1
79169	999	1
3848	3868	1
3848	3858	1
522	4259	1
522	7920	1
522	5163	1
522	10476	1
522	56993	1
522	9804	1
522	94081	1
3831	23162	1
3831	85300	1
5875	5868	1
5875	5876	1
448834	200734	1
448834	7869	1
448834	1066	1
448834	26993	1
448834	79065	1
90799	6647	1
90799	9662	1
60314	501	1
60314	10814	1
60314	6855	1
60314	8760	1
60314	84072	1
60314	9145	1
51678	55327	1
51678	83658	1
51678	8825	1
200734	4713	1
200734	4763	1
200734	23413	1
200734	7447	1
100288695	23623	1
4698	4722	1
4698	5163	1
4698	1327	1
4698	84987	1
4698	94081	1
4698	4705	1
93974	506	1
145567	23623	1
5426	7920	1
5426	5427	1
80273	3098	1
80273	5868	1
80273	56993	1
80273	3916	1
80273	8766	1
80273	94081	1
2572	9143	1
2572	9522	1
255057	7920	1
493856	8417	1
493856	9283	1
493856	9854	1
513	5163	1
513	514	1
513	56993	1
51075	4259	1
51075	192683	1
51075	444	1
51075	157378	1
51075	56894	1
51075	9341	1
51075	9218	1
51075	975	1
51075	9217	1
51075	11343	1
51075	94081	1
51075	8760	1
51075	55326	1
51075	8417	1
51075	9854	1
51075	81855	1
57017	80221	1
57017	11343	1
57017	5832	1
4259	9341	1
4259	54940	1
4259	3098	1
4259	7037	1
4259	3099	1
4259	5214	1
4259	6507	1
4259	10476	1
4259	10525	1
4259	509	1
4259	7417	1
4259	539	1
4259	682	1
4259	89941	1
4259	56993	1
4259	3029	1
4259	6185	1
4259	54996	1
4259	7416	1
4259	57448	1
4259	9868	1
4259	8417	1
4259	9554	1
1159	3208	1
3208	548596	1
3208	7381	1
92344	8834	1
92344	9341	1
92344	1066	1
92344	7920	1
92344	975	1
92344	9554	1
4645	4218	1
4645	9230	1
4645	8766	1
4645	57111	1
10814	10102	1
1727	54842	1
10102	5163	1
11112	7037	1
11112	54539	1
11112	8760	1
11112	9554	1
11112	9854	1
192683	80331	1
51382	10953	1
51382	523	1
51382	526	1
51382	9296	1
4722	8834	1
4722	5163	1
4722	1327	1
4722	84987	1
4722	94081	1
22902	55917	1
22902	9363	1
27095	58485	1
27095	3916	1
27095	8766	1
444	133121	1
444	54940	1
444	3006	1
444	80333	1
444	7284	1
4713	79065	1
6856	80222	1
157378	7920	1
56894	7920	1
5187	8864	1
1984	999	1
9341	57460	1
9341	999	1
9341	80331	1
9341	9342	1
9341	5868	1
9341	3916	1
9341	8766	1
26034	9266	1
29966	51143	1
29966	55917	1
29966	6801	1
29966	8428	1
29966	85379	1
11311	5868	1
11311	3916	1
10575	7283	1
10575	10576	1
10575	6950	1
10575	58	1
10575	59	1
5705	7137	1
5705	7168	1
5705	9321	1
5705	9568	1
5705	8036	1
57460	9522	1
57460	55117	1
26993	23623	1
84289	8936	1
10056	70	1
54332	1186	1
54332	7920	1
54332	203068	1
54940	7781	1
54940	1327	1
54940	51143	1
54940	56993	1
54940	9804	1
54940	84987	1
54940	94081	1
54940	55848	1
361	51440	1
57709	11343	1
1738	1783	1
7920	9554	1
132204	9283	1
132204	6505	1
10493	3916	1
80221	9143	1
7184	259266	1
7184	4218	1
7184	6813	1
7184	153733	1
7184	6576	1
7184	3006	1
7184	9694	1
5007	9218	1
114876	9218	1
114876	8682	1
114876	7879	1
8294	3006	1
8366	3006	1
3098	509	1
3098	56993	1
3098	378	1
3098	3029	1
3098	9804	1
3098	84987	1
3098	59345	1
9218	999	1
9218	112	1
9218	3916	1
9218	84987	1
2617	23322	1
6647	3308	1
5163	51067	1
5163	10965	1
5163	10469	1
5163	1327	1
5163	3030	1
5163	10476	1
5163	10455	1
5163	4723	1
5163	506	1
5163	509	1
5163	539	1
5163	10240	1
5163	6742	1
5163	38	1
5163	2746	1
5163	4725	1
5163	4726	1
5163	4729	1
5163	4719	1
5163	6389	1
5163	2109	1
5163	4704	1
5163	29920	1
5163	28976	1
5163	3029	1
5163	205	1
5163	219	1
5163	10449	1
5163	117145	1
5163	23597	1
5163	4724	1
5163	4695	1
5163	3420	1
5163	374291	1
5163	4942	1
5163	5019	1
5163	4967	1
5163	50	1
5163	50808	1
5163	51081	1
5163	8802	1
5163	9512	1
5163	5164	1
5163	9054	1
5163	54704	1
5163	80222	1
5163	5832	1
5163	8803	1
5163	84263	1
5163	6390	1
5163	594	1
5163	55245	1
5163	55967	1
5163	8209	1
5163	64976	1
2895	392862	1
55847	9804	1
54205	5245	1
54205	1537	1
54205	5447	1
7283	10576	1
7283	509	1
999	9368	1
999	1496	1
999	64837	1
999	5339	1
999	5214	1
999	6130	1
999	2125	1
999	10694	1
999	55681	1
999	6128	1
999	829	1
999	27044	1
999	302	1
999	6187	1
999	6138	1
999	203068	1
999	6520	1
999	6712	1
999	3337	1
999	2036	1
999	8502	1
999	9342	1
999	7402	1
999	348110	1
999	1938	1
999	8428	1
999	51400	1
999	54862	1
999	85379	1
999	115	1
999	471	1
999	490	1
999	493	1
999	682	1
999	832	1
999	1266	1
999	1968	1
999	2035	1
999	4134	1
999	5097	1
999	5110	1
999	5297	1
999	5902	1
999	6152	1
999	6164	1
999	6231	1
999	6624	1
999	8867	1
999	9045	1
999	9066	1
999	9217	1
999	9223	1
999	9230	1
999	9253	1
999	9321	1
999	9685	1
999	22848	1
999	25921	1
999	28988	1
999	29789	1
999	30844	1
999	51031	1
999	57175	1
999	57217	1
999	57447	1
999	57498	1
999	57636	1
999	79180	1
999	80725	1
999	153090	1
999	255252	1
629	718	1
9368	3916	1
7137	6659	1
3791	308	1
3791	52	1
7037	111	1
7037	23322	1
7037	3916	1
2890	59283	1
5095	51164	1
5095	5096	1
2775	6000	1
3099	8682	1
3099	56993	1
3099	9804	1
3099	84987	1
64837	23207	1
5339	1431	1
5339	10121	1
5339	5333	1
5339	10514	1
5339	1767	1
5339	70	1
5339	7857	1
5339	5709	1
5339	9283	1
5339	9118	1
7781	80331	1
10965	94081	1
1129	302	1
80331	25977	1
80331	55327	1
80331	1947	1
80331	6855	1
80331	6861	1
80331	6529	1
80331	1175	1
80331	160	1
80331	140679	1
80331	6572	1
80331	1182	1
80331	9342	1
80331	10067	1
80331	9522	1
80331	8618	1
80331	8825	1
80331	8417	1
80331	9892	1
80331	9900	1
80331	91683	1
55327	3916	1
6855	164	1
6855	9143	1
6855	9522	1
6855	7284	1
6130	309	1
6130	9962	1
10469	1327	1
10469	7846	1
10469	8766	1
10469	84987	1
10469	94081	1
10469	4978	1
10469	16	1
1327	3030	1
1327	10525	1
1327	7168	1
1327	114294	1
1327	509	1
1327	4976	1
1327	4726	1
1327	10651	1
1327	8604	1
1327	1345	1
1327	1340	1
1327	4719	1
1327	7384	1
1327	2109	1
1327	4702	1
1327	4704	1
1327	84908	1
1327	29920	1
1327	3029	1
1327	84987	1
1327	94081	1
1327	7386	1
1327	9377	1
1327	55848	1
1327	9868	1
1327	1349	1
1327	1347	1
3030	10476	1
3030	23408	1
3030	7846	1
3030	56993	1
3030	9804	1
3030	84987	1
3030	4648	1
10476	506	1
10476	6326	1
10476	56993	1
10476	9804	1
10476	6328	1
259266	70	1
259266	811	1
10525	3916	1
10525	8766	1
10525	6129	1
10525	84987	1
10525	55848	1
4218	8428	1
4218	9662	1
6204	10134	1
6204	6188	1
6204	6206	1
203	3192	1
2125	23603	1
1431	3336	1
5245	302	1
10550	4704	1
10694	6950	1
10694	908	1
6217	6223	1
51552	54734	1
10134	2786	1
10134	7461	1
10134	6697	1
10134	56256	1
22852	23603	1
6124	9045	1
6124	6141	1
6124	6142	1
6124	9559	1
23284	509	1
6594	7284	1
10455	506	1
10455	3006	1
79048	908	1
55681	70	1
55681	56993	1
55681	9804	1
3780	6222	1
3192	23265	1
3192	57537	1
3192	51633	1
6193	6208	1
6193	6230	1
2805	6128	1
23331	9868	1
10576	22948	1
10576	6950	1
7168	153733	1
7168	70	1
4723	84987	1
4723	94081	1
506	84987	1
114294	399687	1
114294	84987	1
114294	94081	1
509	514	1
509	56993	1
509	8766	1
509	9804	1
509	84987	1
509	94081	1
6223	7417	1
6223	6230	1
7417	5858	1
7417	9804	1
7417	7419	1
829	23322	1
829	832	1
829	51164	1
3703	8766	1
3703	84987	1
6576	8766	1
6576	94081	1
5042	811	1
3006	3007	1
3006	3008	1
3006	25851	1
3006	118987	1
3006	259282	1
3006	7402	1
3006	490	1
3006	6152	1
3006	9901	1
3006	6000	1
3006	8036	1
3006	64324	1
3006	80157	1
3007	3008	1
3007	64324	1
10121	70	1
10121	6712	1
10121	51164	1
11076	3008	1
116986	2036	1
116986	3872	1
2319	3916	1
6156	6164	1
6156	6710	1
3008	118987	1
3008	70	1
3008	9045	1
3008	8831	1
3008	83889	1
3008	64324	1
9126	7846	1
9126	23322	1
9126	8766	1
9126	94081	1
3308	7267	1
27044	92140	1
1211	25885	1
118987	3916	1
302	6187	1
302	51143	1
302	4967	1
302	1783	1
302	58	1
302	5891	1
23265	988	1
23	2022	1
23	7317	1
23	57821	1
6187	6203	1
70	55752	1
70	259282	1
70	55689	1
70	10487	1
70	9342	1
70	7402	1
70	81	1
70	348110	1
70	1266	1
70	8867	1
70	28988	1
70	57175	1
70	26999	1
70	23603	1
70	5357	1
70	57482	1
70	51164	1
70	10693	1
70	56896	1
70	10096	1
70	51663	1
70	988	1
70	830	1
70	84790	1
70	8467	1
70	9329	1
70	8289	1
26059	8541	1
292	83449	1
6138	83449	1
10097	10092	1
10097	10109	1
10097	57180	1
10097	10096	1
8761	9804	1
5464	9045	1
6566	682	1
6566	56993	1
6566	3916	1
5550	4900	1
539	56993	1
539	9804	1
539	84987	1
539	94081	1
539	55848	1
539	5481	1
4916	64324	1
6326	6327	1
7846	203068	1
7846	382	1
7846	5872	1
7846	483	1
7846	10693	1
7846	56896	1
7846	26985	1
7846	378	1
7846	381	1
7846	7278	1
7846	84790	1
6252	7873	1
6520	3916	1
6520	8140	1
4976	94081	1
4976	55848	1
55689	988	1
6712	10497	1
7204	988	1
8997	988	1
9318	988	1
2022	7881	1
47	5520	1
3337	8682	1
3337	91662	1
249	91662	1
10487	91662	1
4131	8125	1
10497	8448	1
10092	57180	1
11113	7267	1
2036	3916	1
22948	58	1
22948	59	1
9342	3916	1
9342	9804	1
9342	84987	1
9342	94081	1
5478	5534	1
382	116987	1
382	9266	1
53916	7879	1
5868	55117	1
5868	3029	1
5868	5876	1
5868	7879	1
2869	6620	1
7402	440073	1
81	51143	1
51143	6923	1
51143	8867	1
51143	28988	1
51143	523	1
51143	56993	1
51143	83658	1
51143	81876	1
2784	2786	1
2784	54331	1
2784	55970	1
2786	59345	1
481	57447	1
5534	9495	1
2554	2566	1
2555	2566	1
5286	9804	1
5872	3916	1
5872	9910	1
83452	9098	1
58485	51112	1
58485	7109	1
58485	60684	1
51112	22878	1
51112	7109	1
51112	3916	1
51112	83696	1
51112	60684	1
22878	7109	1
22878	3916	1
22878	83696	1
22878	60684	1
7109	8766	1
7109	83696	1
11214	84557	1
9475	3916	1
9522	3916	1
9522	8766	1
9522	1783	1
224	9662	1
224	56993	1
224	3916	1
224	9804	1
224	84987	1
6923	1783	1
6923	8065	1
10159	3916	1
38	54704	1
55917	6801	1
55917	8508	1
6801	8428	1
5813	8766	1
6659	3697	1
6659	4763	1
22933	23322	1
8495	3916	1
525	9662	1
54862	9662	1
9662	2747	1
9662	85379	1
9662	28985	1
9662	55296	1
85379	23322	1
85379	9804	1
23322	11160	1
23322	490	1
23322	6389	1
23322	23597	1
23322	3420	1
23322	830	1
23322	84263	1
23322	4710	1
490	27020	1
490	3916	1
682	3916	1
832	51164	1
2035	1783	1
8867	1783	1
9217	56993	1
9217	3916	1
9217	9804	1
9217	84987	1
9321	3916	1
9685	3916	1
25921	3916	1
28988	1783	1
57175	1783	1
57498	3916	1
79180	1783	1
55117	3916	1
26999	3916	1
523	526	1
483	8682	1
483	94081	1
483	8506	1
8682	5236	1
8682	6888	1
65108	3916	1
6500	79791	1
119	3916	1
23603	1783	1
11261	3916	1
10239	8943	1
4728	84987	1
4728	94081	1
4725	94081	1
4726	84987	1
4726	94081	1
10651	56993	1
10651	84987	1
10651	94081	1
10651	55848	1
8604	84987	1
8604	94081	1
7388	94081	1
1340	84987	1
1340	94081	1
1340	55848	1
4729	94081	1
4719	84987	1
4719	94081	1
2109	84987	1
2109	94081	1
4702	84987	1
4702	94081	1
4702	55848	1
4704	84987	1
4704	94081	1
89941	56993	1
89941	9804	1
89941	84987	1
84908	84987	1
84908	94081	1
84908	55848	1
29920	84987	1
29920	94081	1
56993	64423	1
56993	378	1
56993	3029	1
56993	6185	1
56993	9804	1
56993	54996	1
56993	84987	1
56993	94081	1
56993	55848	1
56993	81876	1
56993	9868	1
56993	8140	1
56993	91137	1
29078	84987	1
64423	9804	1
3916	2181	1
3916	6185	1
3916	1650	1
3916	10409	1
3916	23256	1
3916	81542	1
3916	133686	1
3916	9590	1
3916	9789	1
3916	987	1
3916	8943	1
3916	92140	1
3916	8417	1
3916	9554	1
3916	9296	1
3916	9694	1
3916	8546	1
3916	60684	1
3916	8140	1
3916	6305	1
5878	8766	1
8766	51164	1
8766	378	1
8766	3029	1
8766	57109	1
8766	83696	1
8766	10314	1
51164	56922	1
51164	219	1
51164	5096	1
51164	7266	1
378	84987	1
378	94081	1
3029	94081	1
3029	55848	1
10409	94081	1
4695	84987	1
374291	84987	1
4967	84987	1
9804	80777	1
9804	54996	1
9804	9868	1
54996	84987	1
84987	9377	1
84987	9868	1
84987	9296	1
94081	7386	1
94081	4697	1
94081	9377	1
94081	7416	1
94081	84303	1
94081	26520	1
94081	9590	1
94081	9868	1
9377	55848	1
84303	55848	1
55848	9868	1
55848	79714	1
10109	57180	1
535	84448	1
57863	199731	1
8802	8803	1
10396	55754	1
